MemberEventKey,ImageFile
C0022|P0001,R02_0.png
C0022|P0002,R02_Tick.png
C0022|P0003,R02_Tick.png
C0022|P0004,R02_Tick.png
C0022|P0005,R02_Tick.png
C0022|P0006,R02_Tick.png
C0022|P0007,R02_Tick.png
C0022|P0008,R02_Tick.png
C0022|P0009,R02_Tick.png
C0022|P0010,R02_Tick.png
C0022|P0011,R02_Tick.png
C0022|P0012,R02_Tick.png
C0022|P0013,R02_0.png
C0022|P0014,R02_0.png
C0022|P0015,R02_IB055_IB061.png
C0022|P0016,R02_Tick.png
C0022|P0017,R02_IB027.png
C0022|P0018,R02_0.png
C0022|P0020,R02_Tick.png
C0022|P0021,R02_Tick.png
C0022|P0022,R02_Tick.png
C0022|P0023,R02_0.png
C0022|P0024,R02_Tick.png
C0022|P0025,R02_Tick.png
C0022|P0026,R02_Tick.png
C0022|P0027,R02_Tick.png
C0022|P0028,R02_Tick.png
C0022|P0029,R02_Tick.png
C0022|P0030,R02_Tick.png
C0022|P0031,R02_0.png
C0022|P0032,R02_Tick.png
C0022|P0033,R02_0.png
C0022|P0034,R02_0.png
C0022|P0036,R02_IB037.png
C0022|P0037,R02_Tick.png
C0022|P0039,R02_Tick.png
C0022|P0040,R02_Tick.png
C0022|P0041,R02_Tick.png
C0022|P0042,R02_Tick.png
C0022|P0043,R02_0.png
C0022|P0044,R02_0.png
C0022|P0045,R02_Tick.png
C0022|P0046,R02_Tick.png
C0022|P0047,R02_IB028.png
C0022|P0048,R02_Tick.png
C0022|P0049,R02_Tick.png
C0022|P0050,R02_Tick.png
C0022|P0052,R02_Tick.png
C0022|P0053,R02_Tick.png
C0022|P0054,R02_Tick.png
C0022|P0055,R02_0.png
C0022|P0056,R02_Tick.png
C0022|P0057,R02_0.png
C0022|P0058,R02_Tick.png
C0022|P0059,R02_Tick.png
C0022|P0060,R02_Tick.png
C0022|P0061,R02_Tick.png
C0022|P0063,R02_Tick.png
C0022|P0064,R02_0.png
C0022|P0065,R02_Tick.png
C0022|P0066,R02_Tick.png
C0022|P0067,R02_Tick.png
C0022|P0068,R02_Tick.png
C0022|P0069,R02_Tick.png
C0022|P0070,R02_0.png
C0022|P0071,R02_0.png
C0022|P0072,R02_Tick.png
C0022|P0074,R02_Tick.png
C0022|P0075,R02_IB021.png
C0022|P0076,R02_0.png
C0022|P0077,R02_Tick.png
C0022|P0078,R02_0.png
C0022|P0079,R03_Second.png
C0022|P0080,R03_0.png
C0022|P0082,R03_Tick.png
C0022|P0083,R03_0.png
C0022|P0084,R03_IB057.png
C0022|P0086,R03_0.png
C0022|P0087,R03_Tick.png
C0022|P0088,R03_Tick.png
C0022|P0089,R03_Tick.png
C0022|P0090,R03_Tick.png
C0022|P0091,R03_0.png
C0022|P0092,R03_0.png
C0022|P0093,R03_0.png
C0022|P0094,R03_0.png
C0022|P0095,R03_0.png
C0022|P0096,R03_AD005.png
C0022|P0097,R03_0.png
C0022|P0098,R03_Tick.png
C0022|P0099,R03_Tick.png
C0022|P0100,R03_0.png
C0022|P0101,R03_0.png
C0022|P0102,R03_0.png
C0022|P0103,R03_AD004.png
C0022|P0104,R03_0.png
C0022|P0105,R03_Tick.png
C0022|P0106,R03_Tick.png
C0023|P0001,R02_0.png
C0023|P0002,R02_Tick.png
C0023|P0003,R02_Tick.png
C0023|P0004,R02_Tick.png
C0023|P0005,R02_Tick.png
C0023|P0006,R02_Tick.png
C0023|P0007,R02_0.png
C0023|P0008,R02_Tick.png
C0023|P0009,R02_Tick.png
C0023|P0010,R02_IB044.png
C0023|P0011,R02_Tick.png
C0023|P0012,R02_Tick.png
C0023|P0013,R02_IB061.png
C0023|P0014,R02_0.png
C0023|P0015,R02_Tick.png
C0023|P0016,R02_Tick.png
C0023|P0017,R02_0.png
C0023|P0018,R02_Tick.png
C0023|P0020,R02_Tick.png
C0023|P0021,R02_Tick.png
C0023|P0022,R02_Tick.png
C0023|P0023,R02_Tick.png
C0023|P0024,R02_Tick.png
C0023|P0025,R02_0.png
C0023|P0026,R02_0.png
C0023|P0027,R02_Tick.png
C0023|P0028,R02_Tick.png
C0023|P0029,R02_0.png
C0023|P0030,R02_Tick.png
C0023|P0031,R02_0.png
C0023|P0032,R02_0.png
C0023|P0033,R02_0.png
C0023|P0034,R02_Tick.png
C0023|P0036,R02_0.png
C0023|P0037,R02_0.png
C0023|P0039,R02_0.png
C0023|P0040,R02_Tick.png
C0023|P0041,R02_Tick.png
C0023|P0042,R02_0.png
C0023|P0043,R02_Tick.png
C0023|P0044,R02_0.png
C0023|P0046,R02_Tick.png
C0023|P0047,R02_Tick.png
C0023|P0048,R02_0.png
C0023|P0049,R02_0.png
C0023|P0050,R02_0.png
C0023|P0052,R02_0.png
C0023|P0053,R02_Tick.png
C0023|P0054,R02_0.png
C0023|P0055,R02_0.png
C0023|P0056,R02_Tick.png
C0023|P0057,R02_0.png
C0023|P0058,R02_0.png
C0023|P0059,R02_Tick.png
C0024|P0001,R02_0.png
C0024|P0002,R02_IB026.png
C0024|P0003,R02_Tick.png
C0024|P0004,R02_0.png
C0024|P0005,R02_0.png
C0024|P0006,R03_Second.png
C0024|P0007,R03_Tick.png
C0024|P0008,R03_0.png
C0024|P0009,R03_0.png
C0024|P0010,R03_IB024_IB046.png
C0024|P0011,R03_Tick.png
C0024|P0012,R03_0.png
C0024|P0013,R03_Tick.png
C0024|P0014,R03_Tick.png
C0024|P0015,R03_AD003.png
C0024|P0016,R03_0.png
C0024|P0017,R03_IB027.png
C0024|P0018,R03_0.png
C0024|P0020,R03_0.png
C0024|P0021,R03_0.png
C0024|P0022,R03_AD002_AD005.png
C0024|P0023,R03_Tick.png
C0024|P0024,R03_Tick.png
C0024|P0025,R03_0.png
C0024|P0026,R03_0.png
C0024|P0027,R03_Tick.png
C0024|P0028,R03_Tick.png
C0024|P0029,R03_0.png
C0024|P0031,R03_0.png
C0024|P0032,R03_0.png
C0024|P0033,R04_Sixer.png
C0024|P0034,R04_Tick.png
C0024|P0036,R04_Tick.png
C0024|P0037,R04_Tick.png
C0024|P0038,R04_Tick.png
C0024|P0039,R04_IB023.png
C0024|P0040,R04_0.png
C0024|P0041,R04_0.png
C0024|P0042,R04_0.png
C0024|P0043,R04_Tick.png
C0024|P0044,R04_0.png
C0024|P0046,R04_0.png
C0024|P0047,R04_IB038.png
C0024|P0048,R04_Tick.png
C0024|P0049,R04_AD004.png
C0024|P0050,R04_0.png
C0024|P0052,R04_0.png
C0024|P0053,R04_AD006.png
C0024|P0054,R04_0.png
C0024|P0055,R04_0.png
C0024|P0056,R04_0.png
C0024|P0057,R04_0.png
C0024|P0058,R04_0.png
C0024|P0059,R04_0.png
C0024|P0060,R04_Tick.png
C0024|P0061,R04_Tick.png
C0024|P0063,R04_Tick.png
C0024|P0064,R04_0.png
C0024|P0065,R04_0.png
C0024|P0066,R04_0.png
C0024|P0067,R04_Tick.png
C0025|P0001,R02_Tick.png
C0025|P0002,R02_Tick.png
C0025|P0003,R02_Tick.png
C0025|P0004,R03_Second_IB015_IB026.png
C0025|P0005,R03_IB038.png
C0025|P0006,R03_Tick.png
C0025|P0007,R03_IB050.png
C0025|P0008,R03_Tick.png
C0025|P0009,R03_Tick.png
C0025|P0010,R03_Tick.png
C0025|P0011,R03_Tick.png
C0025|P0012,R03_Tick.png
C0025|P0013,R03_IB055_IB061.png
C0025|P0014,R03_Tick.png
C0025|P0015,R03_Tick.png
C0025|P0016,R03_IB021.png
C0025|P0017,R03_IB027.png
C0025|P0018,R03_Tick.png
C0025|P0020,R04_Sixer.png
C0025|P0021,R04_Tick.png
C0025|P0022,R04_Tick.png
C0025|P0023,R04_Tick.png
C0025|P0024,R04_Tick.png
C0025|P0025,R04_IB024_IB037_IB057_IB063.png
C0025|P0026,R04_Tick.png
C0025|P0027,R04_Tick.png
C0025|P0028,R04_IB043.png
C0025|P0030,R04_AD007_AD008_AD009_IB013_IB028_ab.png
C0026|P0001,R02_0.png
C0026|P0002,R02_Tick.png
C0026|P0003,R02_Tick.png
C0026|P0004,R02_0.png
C0026|P0005,R02_Tick.png
C0026|P0006,R02_Tick.png
C0026|P0007,R02_0.png
C0026|P0008,R02_Tick.png
C0026|P0009,R02_Tick.png
C0026|P0010,R02_0.png
C0026|P0011,R02_0.png
C0026|P0012,R02_0.png
C0026|P0013,R02_0.png
C0026|P0014,R02_Tick.png
C0026|P0015,R02_0.png
C0026|P0016,R02_0.png
C0026|P0017,R02_0.png
C0026|P0018,R02_Tick.png
C0027|P0001,R02_Tick.png
C0027|P0002,R02_Tick.png
C0027|P0003,R02_Tick.png
C0027|P0004,R02_Tick.png
C0027|P0005,R02_Tick.png
C0027|P0006,R02_Tick.png
C0027|P0007,R02_Tick.png
C0027|P0008,R02_Tick.png
C0027|P0009,R02_0.png
C0027|P0010,R02_Tick.png
C0027|P0011,R02_Tick.png
C0027|P0012,R02_0.png
C0027|P0013,R02_Tick.png
C0027|P0014,R02_Tick.png
C0027|P0015,R02_Tick.png
C0027|P0016,R02_Tick.png
C0027|P0017,R02_IB027.png
C0027|P0018,R02_Tick.png
C0027|P0020,R02_Tick.png
C0027|P0021,R02_Tick.png
C0027|P0022,R02_Tick.png
C0027|P0023,R02_0.png
C0027|P0024,R02_Tick.png
C0027|P0025,R02_Tick.png
C0027|P0026,R02_Tick.png
C0027|P0027,R02_0.png
C0027|P0028,R02_IB059.png
C0027|P0029,R02_0.png
C0027|P0030,R02_Tick.png
C0027|P0031,R02_Tick.png
C0027|P0032,R02_AD004.png
C0027|P0033,R02_Tick.png
C0027|P0034,R02_IB037.png
C0027|P0036,R02_Tick.png
C0027|P0037,R02_Tick.png
C0027|P0039,R02_Tick.png
C0027|P0040,R02_0.png
C0027|P0041,R02_Tick.png
C0027|P0042,R02_Tick.png
C0027|P0043,R02_Tick.png
C0027|P0044,R02_Tick.png
C0027|P0046,R02_AD002.png
C0027|P0047,R02_IB028.png
C0027|P0048,R02_0.png
C0027|P0049,R02_0.png
C0027|P0050,R02_Tick.png
C0027|P0051,R02_Tick.png
C0027|P0052,R02_Tick.png
C0027|P0053,R02_0.png
C0027|P0054,R02_Tick.png
C0027|P0055,R02_Tick.png
C0027|P0056,R02_IB054.png
C0027|P0057,R02_Tick.png
C0027|P0058,R02_Tick.png
C0027|P0059,R02_Tick.png
C0027|P0060,R02_Tick.png
C0027|P0061,R02_Tick.png
C0027|P0063,R02_Tick.png
C0027|P0064,R02_Tick.png
C0027|P0065,R02_Tick.png
C0027|P0066,R02_Tick.png
C0027|P0067,R02_Tick.png
C0027|P0068,R02_Tick.png
C0027|P0069,R02_Tick.png
C0027|P0070,R02_Tick.png
C0027|P0071,R02_Tick.png
C0027|P0072,R02_0.png
C0027|P0073,R02_Tick.png
C0027|P0074,R02_Tick.png
C0027|P0075,R02_0.png
C0027|P0076,R02_0.png
C0027|P0077,R02_IB015.png
C0027|P0078,R02_0.png
C0027|P0079,R02_Tick.png
C0027|P0080,R02_Tick.png
C0027|P0082,R02_Tick.png
C0027|P0083,R02_Tick.png
C0027|P0084,R02_IB057.png
C0027|P0086,R02_Tick.png
C0027|P0087,R02_Tick.png
C0027|P0088,R02_Tick.png
C0027|P0089,R02_Tick.png
C0027|P0090,R02_Tick.png
C0027|P0091,R02_0.png
C0027|P0092,R02_0.png
C0027|P0093,R02_0.png
C0027|P0094,R02_0.png
C0027|P0095,R02_Tick.png
C0027|P0096,R02_Tick.png
C0027|P0097,R02_Tick.png
C0027|P0098,R02_Tick.png
C0027|P0099,R02_Tick.png
C0027|P0100,R02_Tick.png
C0027|P0101,R02_0.png
C0027|P0102,R02_Tick.png
C0027|P0103,R02_Tick.png
C0027|P0104,R02_AD003.png
C0027|P0105,R02_Tick.png
C0027|P0106,R02_IB021.png
C0027|P0107,R02_Tick.png
C0027|P0108,R02_Tick.png
C0027|P0109,R03_Second.png
C0027|P0110,R03_Tick.png
C0027|P0111,R03_Tick.png
C0027|P0112,R03_Tick.png
C0027|P0113,R03_Tick.png
C0027|P0114,R03_Tick.png
C0027|P0115,R03_Tick.png
C0027|P0116,R03_Tick.png
C0027|P0117,R03_Tick.png
C0027|P0118,R03_Tick.png
C0027|P0119,R03_Tick.png
C0027|P0120,R03_Tick.png
C0027|P0122,R03_Tick.png
C0027|P0123,R03_Tick.png
C0027|P0124,R03_Tick.png
C0027|P0125,R03_Tick.png
C0027|P0126,R03_Tick.png
C0027|P0127,R03_Tick.png
C0027|P0128,R03_Tick.png
C0027|P0129,R03_Tick.png
C0027|P0130,R03_0.png
C0027|P0131,R03_0.png
C0027|P0132,R03_0.png
C0027|P0133,R03_0.png
C0027|P0134,R03_0.png
C0027|P0135,R03_Tick.png
C0027|P0136,R03_Tick.png
C0028|P0001,R04_0.png
C0028|P0002,R04_0.png
C0028|P0003,R04_Tick.png
C0028|P0004,R04_Tick.png
C0028|P0005,R04_Tick.png
C0028|P0006,R04_Tick.png
C0028|P0007,R04_Tick.png
C0028|P0008,R04_Tick.png
C0028|P0009,R04_Tick.png
C0028|P0010,R04_Tick.png
C0028|P0011,R04_Tick.png
C0028|P0012,R04_0.png
C0028|P0013,R04_Tick.png
C0028|P0014,R04_Tick.png
C0028|P0015,R04_Tick.png
C0028|P0016,R04_Tick.png
C0028|P0017,R04_IB021_IB027.png
C0028|P0018,R04_0.png
C0028|P0020,R04_AD002_AD005_AD007_AD009_AD010_IB003.png
C0028|P0021,R04_0.png
C0028|P0022,R04_AD008_AD011.png
C0028|P0023,R04_Tick.png
C0028|P0024,R04_Tick.png
C0028|P0025,R04_0.png
C0028|P0026,R04_Tick.png
C0028|P0027,R04_Tick.png
C0028|P0028,R04_Tick.png
C0028|P0029,R04_0.png
C0028|P0030,R04_Tick.png
C0029|P0001,R02_Tick.png
C0029|P0002,R02_IB043.png
C0029|P0003,R02_IB021.png
C0030|P0001,R02_0.png
C0030|P0002,R02_Tick.png
C0030|P0003,R02_Tick.png
C0030|P0004,R02_0.png
C0030|P0005,R02_Tick.png
C0030|P0006,R02_Tick.png
C0030|P0007,R02_Tick.png
C0030|P0008,R02_Tick.png
C0030|P0009,R02_Tick.png
C0030|P0010,R02_Tick.png
C0030|P0011,R02_0.png
C0030|P0012,R02_Tick.png
C0030|P0013,R02_IB055_IB061.png
C0030|P0014,R02_0.png
C0030|P0015,R02_Tick.png
C0030|P0016,R02_Tick.png
C0030|P0017,R02_IB027.png
C0030|P0018,R02_Tick.png
C0030|P0020,R02_0.png
C0030|P0021,R03_Second.png
C0030|P0022,R03_Tick.png
C0030|P0023,R03_Tick.png
C0030|P0024,R03_AD002.png
C0030|P0025,R03_Tick.png
C0030|P0026,R03_Tick.png
C0030|P0027,R03_IB059.png
C0030|P0028,R03_Tick.png
C0030|P0029,R03_0.png
C0030|P0031,R03_Tick.png
C0030|P0032,R03_Tick.png
C0030|P0033,R03_0.png
C0030|P0034,R03_Tick.png
C0030|P0036,R03_Tick.png
C0030|P0037,R03_Tick.png
C0030|P0039,R03_Tick.png
C0030|P0040,R03_Tick.png
C0030|P0041,R03_Tick.png
C0030|P0042,R03_Tick.png
C0030|P0043,R03_Tick.png
C0030|P0044,R03_0.png
C0030|P0046,R03_0.png
C0030|P0047,R03_AD005_IB028.png
C0030|P0048,R03_Tick.png
C0030|P0049,R03_Tick.png
C0030|P0050,R03_Tick.png
C0030|P0052,R03_Tick.png
C0030|P0053,R03_0.png
C0030|P0054,R04_Sixer.png
C0030|P0055,R04_Tick.png
C0030|P0056,R04_IB054.png
C0030|P0057,R04_Tick.png
C0030|P0058,R04_0.png
C0030|P0059,R04_Tick.png
C0030|P0060,R04_Tick.png
C0030|P0061,R04_Tick.png
C0030|P0063,R04_0.png
C0030|P0064,R04_0.png
C0030|P0065,R04_Tick.png
C0030|P0066,R04_Tick.png
C0030|P0067,R04_Tick.png
C0030|P0068,R04_Tick.png
C0030|P0069,R04_Tick.png
C0030|P0070,R04_IB016.png
C0030|P0071,R04_Tick.png
C0030|P0072,R04_0.png
C0030|P0074,R04_Tick.png
C0030|P0075,R04_Tick.png
C0030|P0076,R04_0.png
C0030|P0077,R04_Tick.png
C0030|P0078,R04_0.png
C0030|P0079,R04_Tick.png
C0030|P0080,R04_Tick.png
C0030|P0082,R04_0.png
C0030|P0083,R04_Tick.png
C0030|P0084,R04_IB057.png
C0030|P0085,R04_Tick.png
C0030|P0086,R04_0.png
C0030|P0087,R04_Tick.png
C0030|P0088,R04_Tick.png
C0030|P0089,R04_0.png
C0030|P0090,R04_0.png
C0030|P0091,R04_0.png
C0030|P0092,R04_0.png
C0030|P0093,R04_0.png
C0030|P0094,R04_Tick.png
C0030|P0095,R04_Tick.png
C0030|P0096,R04_0.png
C0030|P0097,R04_0.png
C0030|P0098,R04_0.png
C0030|P0099,R04_Tick.png
C0030|P0100,R04_Tick.png
C0030|P0101,R04_0.png
C0030|P0102,R04_0.png
C0030|P0103,R04_0.png
C0030|P0104,R04_AD004.png
C0030|P0105,R04_Tick.png
C0030|P0106,R04_IB021.png
C0030|P0107,R04_Tick.png
C0030|P0108,R04_Tick.png
C0031|P0001,R02_0.png
C0031|P0002,R02_0.png
C0031|P0003,R02_Tick.png
C0031|P0004,R02_Tick.png
C0031|P0005,R02_Tick.png
C0031|P0006,R02_Tick.png
C0031|P0007,R02_Tick.png
C0031|P0008,R02_Tick.png
C0031|P0009,R02_Tick.png
C0031|P0010,R02_Tick.png
C0031|P0011,R02_IB007.png
C0031|P0012,R02_Tick.png
C0031|P0013,R02_Tick.png
C0031|P0014,R02_Tick.png
C0031|P0015,R02_Tick.png
C0031|P0016,R02_Tick.png
C0031|P0017,R02_IB027.png
C0031|P0018,R02_0.png
C0031|P0020,R02_IB055_IB061.png
C0031|P0021,R02_0.png
C0031|P0022,R02_Tick.png
C0031|P0023,R02_Tick.png
C0031|P0024,R02_Tick.png
C0031|P0025,R02_0.png
C0031|P0026,R02_Tick.png
C0031|P0027,R02_IB059.png
C0031|P0028,R02_Tick.png
C0031|P0029,R02_Tick.png
C0031|P0030,R02_Tick.png
C0031|P0031,R03_Second.png
C0031|P0032,R03_Tick.png
C0031|P0033,R03_IB037.png
C0031|P0034,R03_Tick.png
C0031|P0036,R03_Tick.png
C0031|P0037,R03_Tick.png
C0031|P0038,R03_Tick.png
C0031|P0039,R03_0.png
C0031|P0040,R03_0.png
C0031|P0041,R03_0.png
C0031|P0042,R03_IB015.png
C0031|P0043,R03_Tick.png
C0031|P0044,R03_Tick.png
C0031|P0045,R03_Tick.png
C0031|P0046,R03_AD002_IB022_IB038.png
C0031|P0047,R03_IB028.png
C0031|P0048,R03_Tick.png
C0031|P0049,R03_Tick.png
C0031|P0050,R03_Tick.png
C0031|P0052,R03_0.png
C0031|P0053,R03_Tick.png
C0031|P0054,R03_0.png
C0031|P0055,R03_Tick.png
C0031|P0056,R03_IB054.png
C0031|P0057,R03_Tick.png
C0031|P0058,R03_Tick.png
C0031|P0059,R03_0.png
C0031|P0060,R03_AD004.png
C0031|P0061,R03_Tick.png
C0031|P0063,R03_Tick.png
C0031|P0064,R03_Tick.png
C0031|P0065,R03_Tick.png
C0031|P0066,R03_0.png
C0031|P0067,R03_Tick.png
C0031|P0068,R03_Tick.png
C0031|P0069,R03_Tick.png
C0031|P0070,R03_Tick.png
C0031|P0071,R03_Tick.png
C0031|P0072,R03_Tick.png
C0031|P0073,R03_Tick.png
C0031|P0074,R03_0.png
C0031|P0075,R03_Tick.png
C0031|P0076,R04_Sixer.png
C0031|P0077,R04_Tick.png
C0031|P0078,R04_0.png
C0031|P0079,R04_0.png
C0031|P0080,R04_Tick.png
C0031|P0082,R04_Tick.png
C0031|P0083,R04_Tick.png
C0031|P0084,R04_Tick.png
C0031|P0086,R04_Tick.png
C0031|P0087,R04_0.png
C0031|P0088,R04_0.png
C0031|P0089,R04_0.png
C0031|P0090,R04_Tick.png
C0031|P0091,R04_Tick.png
C0031|P0092,R04_Tick.png
C0031|P0093,R04_Tick.png
C0031|P0094,R04_IB057.png
C0031|P0095,R04_AD003.png
C0031|P0096,R04_Tick.png
C0031|P0097,R04_IB023.png
C0031|P0098,R04_Tick.png
C0031|P0099,R04_Tick.png
C0031|P0100,R04_Tick.png
C0031|P0101,R04_Tick.png
C0031|P0102,R04_Tick.png
C0031|P0103,R04_Tick.png
C0031|P0104,R04_Tick.png
C0031|P0105,R04_AD006.png
C0031|P0106,R04_Tick.png
C0031|P0107,R04_0.png
C0031|P0108,R04_0.png
C0031|P0109,R04_IB021.png
C0031|P0110,R04_Tick.png
C0031|P0111,R04_0.png
C0031|P0112,R04_0.png
C0031|P0113,R04_Tick.png
C0031|P0114,R04_Tick.png
C0031|P0115,R04_Tick.png
C0031|P0116,R04_Tick.png
C0031|P0117,R04_0.png
C0031|P0118,R04_Tick.png
C0031|P0119,R04_Tick.png
C0031|P0120,R04_Tick.png
C0031|P0122,R04_Tick.png
C0031|P0123,R04_Tick.png
C0031|P0124,R04_Tick.png
C0031|P0125,R04_Tick.png
C0031|P0126,R04_AD009_AD012_IB024_IB043.png
C0031|P0127,R04_AD008_IB063.png
C0031|P0128,R04_Tick.png
C0031|P0129,R04_Tick.png
C0031|P0130,R04_Tick.png
C0031|P0131,R04_Tick.png
C0031|P0132,R04_Tick.png
C0031|P0133,R04_0.png
C0031|P0134,R04_0.png
C0031|P0135,R04_Tick.png
C0031|P0136,R04_Tick.png
C0031|P0137,R04_Tick.png
C0031|P0138,R04_0.png
C0031|P0139,R04_0.png
C0031|P0140,R04_0.png
C0031|P0141,R04_AD005_AD007_AD010_AD011.png
C0032|P0001,R02_Tick.png
C0032|P0002,R02_0.png
C0032|P0003,R02_Tick.png
C0032|P0004,R02_Tick.png
C0032|P0005,R02_Tick.png
C0032|P0006,R02_Tick.png
C0032|P0007,R02_Tick.png
C0032|P0008,R02_Tick.png
C0032|P0009,R02_0.png
C0032|P0010,R02_0.png
C0032|P0011,R02_Tick.png
C0032|P0012,R02_Tick.png
C0032|P0013,R02_0.png
C0032|P0014,R02_0.png
C0032|P0015,R02_AD002.png
C0032|P0016,R02_Tick.png
C0032|P0017,R02_0.png
C0032|P0018,R02_0.png
C0032|P0020,R03_Second_IB027_IB059.png
C0032|P0021,R03_0.png
C0032|P0022,R03_Tick.png
C0032|P0023,R03_Tick.png
C0032|P0024,R03_0.png
C0032|P0025,R03_0.png
C0032|P0026,R03_0.png
C0032|P0027,R03_AD004.png
C0032|P0028,R03_Tick.png
C0032|P0029,R03_Tick.png
C0032|P0031,R03_Tick.png
C0032|P0032,R03_Tick.png
C0032|P0033,R03_Tick.png
C0032|P0034,R03_Tick.png
C0032|P0036,R03_0.png
C0032|P0037,R03_Tick.png
C0032|P0039,R03_0.png
C0032|P0040,R03_0.png
C0032|P0041,R03_0.png
C0032|P0042,R03_Tick.png
C0032|P0043,R03_Tick.png
C0032|P0044,R03_Tick.png
C0032|P0046,R03_Tick.png
C0032|P0047,R03_0.png
C0032|P0048,R03_Tick.png
C0032|P0049,R03_Tick.png
C0032|P0050,R03_IB028.png
C0032|P0052,R03_Tick.png
C0032|P0053,R03_0.png
C0032|P0054,R03_0.png
C0032|P0055,R03_Tick.png
C0032|P0056,R03_IB054.png
C0032|P0057,R03_0.png
C0032|P0058,R03_0.png
C0032|P0059,R03_Tick.png
C0032|P0060,R03_Tick.png
C0032|P0061,R03_Tick.png
C0033|P0001,R04_0.png
C0033|P0002,R04_0.png
C0033|P0003,R04_Tick.png
C0033|P0004,R04_0.png
C0033|P0005,R04_Tick.png
C0033|P0006,R04_Tick.png
C0033|P0007,R04_Tick.png
C0033|P0008,R04_Tick.png
C0033|P0009,R04_0.png
C0033|P0010,R04_0.png
C0033|P0011,R04_Tick.png
C0033|P0012,R04_0.png
C0033|P0013,R04_0.png
C0033|P0014,R04_Tick.png
C0033|P0015,R04_Tick.png
C0033|P0016,R04_Tick.png
C0033|P0017,R04_0.png
C0033|P0018,R04_0.png
C0034|P0001,R02_Tick.png
C0034|P0002,R02_Tick.png
C0034|P0003,R02_0.png
C0034|P0004,R02_Tick.png
C0034|P0005,R02_0.png
C0034|P0006,R02_Tick.png
C0034|P0007,R02_Tick.png
C0034|P0008,R02_Tick.png
C0034|P0009,R02_Tick.png
C0034|P0010,R02_Tick.png
C0034|P0011,R02_Tick.png
C0034|P0012,R02_Tick.png
C0034|P0013,R02_IB055_IB061.png
C0034|P0014,R02_0.png
C0034|P0015,R02_Tick.png
C0034|P0016,R02_Tick.png
C0034|P0017,R02_IB027.png
C0034|P0018,R02_Tick.png
C0034|P0020,R02_Tick.png
C0034|P0021,R02_Tick.png
C0034|P0022,R02_Tick.png
C0034|P0023,R02_Tick.png
C0034|P0024,R02_Tick.png
C0034|P0025,R02_Tick.png
C0034|P0026,R02_0.png
C0034|P0027,R02_0.png
C0034|P0028,R02_Tick.png
C0034|P0029,R02_Tick.png
C0034|P0030,R02_Tick.png
C0034|P0031,R02_Tick.png
C0034|P0032,R02_Tick.png
C0034|P0033,R02_IB037.png
C0034|P0034,R02_0.png
C0034|P0036,R02_Tick.png
C0034|P0037,R02_Tick.png
C0034|P0039,R02_Tick.png
C0034|P0040,R02_Tick.png
C0034|P0041,R02_Tick.png
C0034|P0042,R02_Tick.png
C0034|P0043,R02_Tick.png
C0034|P0044,R02_Tick.png
C0034|P0046,R02_AD002.png
C0034|P0047,R02_IB028.png
C0034|P0048,R02_0.png
C0034|P0049,R02_0.png
C0034|P0050,R02_Tick.png
C0034|P0052,R02_Tick.png
C0034|P0053,R02_Tick.png
C0034|P0054,R02_0.png
C0034|P0055,R02_0.png
C0034|P0056,R02_Tick.png
C0034|P0057,R02_Tick.png
C0034|P0058,R02_Tick.png
C0034|P0059,R02_0.png
C0034|P0060,R02_Tick.png
C0034|P0061,R02_0.png
C0034|P0063,R02_0.png
C0034|P0064,R02_Tick.png
C0034|P0065,R02_Tick.png
C0034|P0066,R02_0.png
C0034|P0067,R02_Tick.png
C0034|P0068,R02_0.png
C0034|P0069,R02_0.png
C0034|P0070,R02_0.png
C0034|P0071,R02_0.png
C0034|P0072,R02_0.png
C0034|P0074,R02_Tick.png
C0034|P0075,R02_Tick.png
C0034|P0076,R02_0.png
C0034|P0077,R02_0.png
C0034|P0078,R02_0.png
C0034|P0079,R02_Tick.png
C0034|P0080,R02_Tick.png
C0034|P0082,R02_0.png
C0034|P0083,R02_0.png
C0034|P0084,R02_0.png
C0034|P0086,R02_0.png
C0034|P0087,R02_0.png
C0034|P0088,R02_0.png
C0034|P0089,R02_0.png
C0034|P0090,R02_0.png
C0034|P0091,R02_0.png
C0034|P0092,R02_0.png
C0034|P0093,R02_0.png
C0034|P0094,R02_Tick.png
C0034|P0095,R02_0.png
C0034|P0096,R02_Tick.png
C0034|P0097,R02_Tick.png
C0034|P0098,R02_0.png
C0034|P0099,R02_0.png
C0034|P0100,R02_0.png
C0034|P0101,R02_0.png
C0034|P0102,R02_Tick.png
C0035|P0001,R02_Tick.png
C0035|P0002,R02_Tick.png
C0035|P0003,R02_Tick.png
C0036|P0001,R03_Tick.png
C0036|P0002,R03_Tick.png
C0036|P0003,R03_Tick.png
C0036|P0004,R03_0.png
C0036|P0005,R03_0.png
C0036|P0006,R03_0.png
C0036|P0007,R04_Sixer_IB009_IB015.png
C0036|P0008,R04_Tick.png
C0036|P0009,R04_Tick.png
C0036|P0010,R04_Tick.png
C0036|P0011,R04_Tick.png
C0036|P0012,R04_0.png
C0036|P0013,R04_IB064.png
C0036|P0014,R04_Tick.png
C0036|P0015,R04_Tick.png
C0036|P0016,R04_IB021.png
C0036|P0017,R04_IB027_IB037.png
C0036|P0018,R04_Tick.png
C0036|P0020,R04_AD002_AD003_AD004_AD005_AD006_AD011.png
C0036|P0021,R04_Tick.png
C0036|P0022,R04_Tick.png
C0036|P0023,R04_Tick.png
C0036|P0024,R04_Tick.png
C0036|P0025,R04_Tick.png
C0036|P0026,R04_Tick.png
C0036|P0027,R04_AD009.png
C0036|P0028,R04_Tick.png
C0036|P0029,R04_IB029.png
C0036|P0030,R04_Tick.png
C0036|P0031,R04_AD012.png
C0036|P0032,R04_Tick.png
C0036|P0033,R04_Tick.png
C0036|P0034,R04_Tick.png
C0036|P0036,R04_Tick.png
C0036|P0037,R04_Tick.png
C0036|P0038,R04_Tick.png
C0036|P0039,R04_IB023.png
C0036|P0040,R04_Tick.png
C0036|P0041,R04_Tick.png
C0036|P0042,R04_Tick.png
C0036|P0043,R04_Tick.png
C0036|P0044,R04_0.png
C0036|P0046,R04_Tick.png
C0036|P0047,R04_Tick.png
C0036|P0048,R04_0.png
C0036|P0049,R04_0.png
C0036|P0050,R04_AD007_AD008_AD010.png
C0036|P0051,R04_AD013.png
C0037|P0001,R02_Tick.png
C0037|P0002,R02_0.png
C0037|P0003,R02_0.png
C0037|P0004,R02_0.png
C0037|P0005,R02_0.png
C0037|P0006,R02_0.png
C0037|P0007,R02_0.png
C0037|P0008,R02_0.png
C0037|P0009,R02_0.png
C0037|P0010,R02_0.png
C0037|P0011,R02_0.png
C0037|P0012,R02_0.png
C0037|P0013,R02_Tick.png
C0037|P0014,R02_0.png
C0037|P0015,R02_Tick.png
C0037|P0016,R02_0.png
C0037|P0017,R02_Tick.png
C0037|P0018,R02_0.png
C0037|P0020,R02_Tick.png
C0037|P0021,R02_Tick.png
C0037|P0022,R02_Tick.png
C0037|P0023,R02_0.png
C0037|P0024,R02_Tick.png
C0037|P0025,R02_IB058.png
C0037|P0026,R02_0.png
C0037|P0027,R02_0.png
C0037|P0028,R02_IB006.png
C0037|P0029,R02_Tick.png
C0037|P0030,R02_Tick.png
C0037|P0031,R02_0.png
C0037|P0032,R04_Sixer.png
C0037|P0033,R04_IB037.png
C0037|P0034,R04_IB052.png
C0037|P0036,R04_Tick.png
C0037|P0037,R04_Tick.png
C0037|P0039,R04_IB023.png
C0037|P0040,R04_Tick.png
C0037|P0041,R04_Tick.png
C0037|P0042,R04_Tick.png
C0037|P0043,R04_0.png
C0037|P0044,R04_0.png
C0037|P0046,R04_Tick.png
C0037|P0047,R04_IB028.png
C0037|P0048,R04_0.png
C0037|P0049,R04_0.png
C0037|P0050,R04_Tick.png
C0037|P0052,R04_0.png
C0037|P0053,R04_AD005.png
C0037|P0054,R04_0.png
C0037|P0055,R04_0.png
C0037|P0056,R04_0.png
C0037|P0057,R04_Tick.png
C0037|P0058,R04_0.png
C0037|P0059,R04_Tick.png
C0037|P0060,R04_Tick.png
C0038|P0001,R02_Tick.png
C0038|P0002,R02_Tick.png
C0038|P0003,R02_Tick.png
C0038|P0004,R02_Tick.png
C0038|P0005,R02_Tick.png
C0038|P0006,R02_Tick.png
C0038|P0007,R02_Tick.png
C0038|P0008,R02_Tick.png
C0038|P0009,R02_0.png
C0038|P0010,R02_Tick.png
C0038|P0011,R02_Tick.png
C0038|P0012,R02_Tick.png
C0038|P0013,R02_IB055_IB061.png
C0038|P0014,R02_Tick.png
C0038|P0015,R02_Tick.png
C0038|P0016,R02_Tick.png
C0038|P0017,R02_IB027_IB028.png
C0038|P0018,R02_Tick.png
C0038|P0020,R02_0.png
C0038|P0021,R02_Tick.png
C0038|P0022,R02_Tick.png
C0038|P0023,R02_Tick.png
C0038|P0024,R02_Tick.png
C0038|P0025,R02_Tick.png
C0038|P0026,R02_0.png
C0038|P0027,R02_0.png
C0038|P0028,R02_Tick.png
C0038|P0029,R02_0.png
C0038|P0031,R02_Tick.png
C0038|P0032,R03_Second.png
C0038|P0033,R03_Tick.png
C0038|P0034,R03_Tick.png
C0038|P0035,R03_Tick.png
C0038|P0036,R03_Tick.png
C0038|P0037,R03_Tick.png
C0038|P0038,R03_Tick.png
C0038|P0039,R03_IB015.png
C0038|P0040,R03_Tick.png
C0038|P0041,R03_Tick.png
C0038|P0042,R03_Tick.png
C0038|P0043,R03_Tick.png
C0038|P0044,R03_0.png
C0038|P0046,R03_AD002.png
C0038|P0047,R03_Tick.png
C0038|P0048,R03_Tick.png
C0038|P0049,R03_Tick.png
C0038|P0050,R03_Tick.png
C0038|P0052,R03_Tick.png
C0038|P0053,R03_Tick.png
C0038|P0054,R03_Tick.png
C0038|P0055,R03_Tick.png
C0038|P0056,R03_IB054.png
C0038|P0057,R03_Tick.png
C0038|P0058,R03_Tick.png
C0038|P0059,R03_Tick.png
C0038|P0060,R03_Tick.png
C0038|P0061,R03_Tick.png
C0038|P0063,R03_Tick.png
C0038|P0064,R03_Tick.png
C0038|P0065,R03_Tick.png
C0038|P0066,R03_0.png
C0038|P0067,R03_Tick.png
C0038|P0068,R03_Tick.png
C0038|P0069,R03_Tick.png
C0038|P0070,R03_Tick.png
C0038|P0071,R03_0.png
C0038|P0072,R03_0.png
C0038|P0074,R03_Tick.png
C0038|P0075,R04_Sixer.png
C0038|P0076,R04_Tick.png
C0038|P0077,R04_Tick.png
C0038|P0078,R04_Tick.png
C0038|P0079,R04_Tick.png
C0038|P0080,R04_0.png
C0038|P0082,R04_Tick.png
C0038|P0083,R04_Tick.png
C0038|P0084,R04_IB057.png
C0038|P0086,R04_Tick.png
C0038|P0087,R04_Tick.png
C0038|P0088,R04_0.png
C0038|P0089,R04_0.png
C0038|P0090,R04_Tick.png
C0038|P0091,R04_Tick.png
C0038|P0092,R04_Tick.png
C0038|P0093,R04_Tick.png
C0038|P0094,R04_IB023_IB038.png
C0038|P0095,R04_Tick.png
C0038|P0096,R04_Tick.png
C0038|P0097,R04_Tick.png
C0038|P0098,R04_0.png
C0038|P0099,R04_Tick.png
C0038|P0100,R04_Tick.png
C0038|P0101,R04_0.png
C0038|P0102,R04_0.png
C0038|P0103,R04_Tick.png
C0038|P0104,R04_AD004_AD005.png
C0038|P0105,R04_Tick.png
C0038|P0106,R04_IB021.png
C0038|P0107,R04_Tick.png
C0038|P0108,R04_Tick.png
C0038|P0109,R04_Tick.png
C0038|P0110,R04_Tick.png
C0038|P0111,R04_Tick.png
C0038|P0113,R04_Tick.png
C0038|P0114,R04_0.png
C0038|P0115,R04_Tick.png
C0038|P0116,R04_Tick.png
C0038|P0117,R04_Tick.png
C0038|P0118,R04_0.png
C0038|P0119,R04_0.png
C0038|P0120,R04_Tick.png
C0038|P0122,R04_Tick.png
C0038|P0123,R04_Tick.png
C0038|P0124,R04_Tick.png
C0038|P0125,R04_0.png
C0038|P0126,R04_Tick.png
C0038|P0127,R04_Tick.png
C0038|P0128,R04_Tick.png
C0038|P0129,R04_Tick.png
C0038|P0130,R04_Tick.png
C0038|P0131,R04_Tick.png
C0038|P0132,R04_Tick.png
C0038|P0133,R04_Tick.png
C0038|P0134,R04_IB005.png
C0038|P0135,R04_Tick.png
C0038|P0136,R04_Tick.png
C0038|P0137,R04_Tick.png
C0038|P0138,R04_Tick.png
C0038|P0139,R04_Tick.png
C0038|P0140,R04_Tick.png
C0038|P0141,R04_Tick.png
C0039|P0001,R02_Tick.png
C0039|P0002,R02_0.png
C0039|P0003,R02_0.png
C0039|P0004,R02_0.png
C0039|P0005,R03_Second.png
C0039|P0006,R03_Tick.png
C0039|P0007,R03_0.png
C0039|P0008,R03_0.png
C0039|P0009,R03_Tick.png
C0039|P0010,R03_0.png
C0039|P0011,R03_0.png
C0039|P0012,R03_0.png
C0039|P0013,R03_Tick.png
C0039|P0014,R03_0.png
C0039|P0015,R03_0.png
C0039|P0016,R03_0.png
C0039|P0017,R03_0.png
C0039|P0018,R03_0.png
C0039|P0020,R03_Tick.png
C0039|P0021,R03_0.png
C0039|P0022,R03_0.png
C0039|P0023,R03_IB058.png
C0039|P0024,R03_Tick.png
C0039|P0025,R03_Tick.png
C0039|P0026,R03_0.png
C0039|P0027,R03_Tick.png
C0039|P0028,R03_Tick.png
C0039|P0029,R03_0.png
C0039|P0031,R03_Tick.png
C0039|P0032,R03_Tick.png
C0039|P0033,R03_Tick.png
C0039|P0034,R03_0.png
C0039|P0036,R03_Tick.png
C0039|P0037,R03_Tick.png
C0039|P0038,R03_Tick.png
C0039|P0039,R03_IB015_IB023.png
C0039|P0040,R03_Tick.png
C0039|P0041,R03_0.png
C0039|P0042,R03_0.png
C0039|P0043,R03_Tick.png
C0039|P0044,R03_0.png
C0039|P0046,R03_Tick.png
C0039|P0047,R03_IB028_IB038.png
C0039|P0048,R03_Tick.png
C0039|P0049,R03_Tick.png
C0039|P0050,R03_0.png
C0039|P0052,R03_Tick.png
C0039|P0053,R03_Tick.png
C0039|P0054,R03_0.png
C0039|P0055,R03_0.png
C0039|P0056,R03_Tick.png
C0039|P0057,R03_0.png
C0039|P0058,R03_0.png
C0039|P0059,R03_0.png
C0039|P0060,R03_IB021.png
C0039|P0061,R03_0.png
C0039|P0063,R03_0.png
C0039|P0064,R03_0.png
C0039|P0065,R03_Tick.png
C0039|P0066,R03_Tick.png
C0039|P0067,R03_Tick.png
C0039|P0068,R03_Tick.png
C0039|P0069,R03_Tick.png
C0039|P0071,R03_Tick.png
C0040|P0001,R02_Tick.png
C0040|P0002,R02_0.png
C0040|P0003,R02_0.png
C0040|P0004,R02_0.png
C0040|P0005,R02_0.png
C0040|P0006,R02_0.png
C0040|P0007,R02_0.png
C0040|P0008,R02_0.png
C0040|P0009,R02_0.png
C0040|P0010,R02_0.png
C0040|P0011,R02_0.png
C0040|P0012,R02_0.png
C0040|P0013,R02_Tick.png
C0040|P0014,R02_0.png
C0040|P0015,R02_Tick.png
C0040|P0016,R02_0.png
C0040|P0017,R02_Tick.png
C0040|P0018,R02_0.png
C0040|P0020,R02_0.png
C0040|P0021,R02_Tick.png
C0040|P0022,R02_Tick.png
C0040|P0023,R02_0.png
C0040|P0024,R02_Tick.png
C0040|P0025,R02_IB016_IB020_IB058.png
C0040|P0026,R02_0.png
C0040|P0027,R02_0.png
C0040|P0028,R02_Tick.png
C0040|P0029,R02_Tick.png
C0040|P0030,R02_Tick.png
C0040|P0031,R02_0.png
C0040|P0032,R02_IB028.png
C0040|P0033,R02_Tick.png
C0040|P0034,R02_IB037_IB052.png
C0040|P0036,R02_Tick.png
C0040|P0037,R02_Tick.png
C0040|P0039,R02_IB023.png
C0040|P0040,R02_Tick.png
C0040|P0041,R02_Tick.png
C0040|P0042,R02_Tick.png
C0040|P0043,R02_0.png
C0040|P0044,R02_0.png
C0040|P0046,R02_Tick.png
C0040|P0047,R02_Tick.png
C0040|P0048,R02_0.png
C0040|P0049,R02_0.png
C0040|P0050,R02_Tick.png
C0040|P0052,R02_0.png
C0040|P0053,R02_Tick.png
C0040|P0054,R02_0.png
C0040|P0055,R02_0.png
C0040|P0056,R02_Tick.png
C0040|P0057,R02_Tick.png
C0040|P0058,R02_0.png
C0040|P0059,R02_Tick.png
C0040|P0060,R02_Tick.png
C0040|P0061,R02_IB013.png
C0041|P0001,R02_Tick.png
C0041|P0002,R02_Tick.png
C0041|P0003,R02_Tick.png
C0041|P0004,R02_Tick.png
C0041|P0005,R02_Tick.png
C0041|P0006,R02_0.png
C0041|P0007,R02_0.png
C0041|P0008,R02_Tick.png
C0041|P0009,R02_Tick.png
C0041|P0010,R02_Tick.png
C0041|P0011,R02_0.png
C0041|P0012,R02_0.png
C0041|P0013,R03_Second.png
C0041|P0014,R03_Tick.png
C0041|P0015,R03_Tick.png
C0041|P0016,R03_0.png
C0041|P0017,R03_IB027.png
C0041|P0018,R03_0.png
C0041|P0020,R03_Tick.png
C0041|P0021,R03_0.png
C0041|P0022,R03_Tick.png
C0041|P0023,R03_Tick.png
C0041|P0024,R03_Tick.png
C0041|P0025,R03_Tick.png
C0041|P0026,R03_Tick.png
C0041|P0027,R03_Tick.png
C0041|P0028,R03_0.png
C0041|P0029,R03_0.png
C0041|P0031,R04_Sixer.png
C0041|P0032,R04_Tick.png
C0041|P0033,R04_Tick.png
C0041|P0034,R04_0.png
C0041|P0036,R04_IB037.png
C0041|P0037,R04_Tick.png
C0041|P0039,R04_Tick.png
C0041|P0040,R04_Tick.png
C0041|P0041,R04_Tick.png
C0041|P0042,R04_Tick.png
C0041|P0043,R04_0.png
C0041|P0044,R04_Tick.png
C0041|P0045,R04_Tick.png
C0041|P0046,R04_IB022.png
C0041|P0047,R04_IB028.png
C0041|P0048,R04_Tick.png
C0041|P0049,R04_Tick.png
C0041|P0050,R04_Tick.png
C0041|P0052,R04_0.png
C0041|P0053,R04_0.png
C0041|P0054,R04_Tick.png
C0041|P0055,R04_0.png
C0041|P0056,R04_Tick.png
C0041|P0057,R04_Tick.png
C0041|P0058,R04_0.png
C0041|P0059,R04_0.png
C0041|P0060,R04_IB021.png
C0041|P0061,R04_Tick.png
C0041|P0063,R04_Tick.png
C0041|P0064,R04_Tick.png
C0041|P0065,R04_Tick.png
C0041|P0066,R04_0.png
C0041|P0067,R04_Tick.png
C0041|P0068,R04_0.png
C0041|P0069,R04_0.png
C0041|P0070,R04_Tick.png
C0041|P0071,R04_Tick.png
C0041|P0072,R04_0.png
C0041|P0074,R04_0.png
C0041|P0075,R04_Tick.png
C0041|P0076,R04_Tick.png
C0041|P0077,R04_Tick.png
C0041|P0078,R04_0.png
C0041|P0079,R04_0.png
C0041|P0080,R04_0.png
C0041|P0082,R04_0.png
C0041|P0083,R04_Tick.png
C0042|P0001,R02_Tick.png
C0042|P0002,R02_Tick.png
C0042|P0003,R02_Tick.png
C0042|P0004,R02_Tick.png
C0042|P0005,R02_Tick.png
C0042|P0006,R02_Tick.png
C0042|P0007,R02_Tick.png
C0042|P0008,R02_Tick.png
C0042|P0009,R02_Tick.png
C0042|P0010,R02_Tick.png
C0042|P0011,R02_Tick.png
C0042|P0012,R02_Tick.png
C0042|P0013,R02_IB055_IB059.png
C0042|P0014,R02_Tick.png
C0042|P0015,R02_Tick.png
C0042|P0016,R02_Tick.png
C0042|P0017,R02_IB027.png
C0042|P0018,R02_Tick.png
C0042|P0020,R02_Tick.png
C0042|P0021,R02_Tick.png
C0042|P0022,R02_Tick.png
C0042|P0023,R02_Tick.png
C0042|P0024,R02_Tick.png
C0042|P0025,R02_Tick.png
C0042|P0026,R02_Tick.png
C0042|P0027,R02_0.png
C0042|P0028,R02_Tick.png
C0042|P0029,R02_Tick.png
C0042|P0030,R02_Tick.png
C0042|P0031,R02_0.png
C0042|P0032,R02_0.png
C0042|P0033,R03_Second.png
C0042|P0034,R03_Tick.png
C0042|P0036,R03_Tick.png
C0042|P0037,R03_Tick.png
C0042|P0038,R03_Tick.png
C0042|P0039,R03_IB015.png
C0042|P0040,R03_Tick.png
C0042|P0041,R03_0.png
C0042|P0042,R03_Tick.png
C0042|P0043,R03_Tick.png
C0042|P0044,R03_0.png
C0042|P0046,R03_AD005.png
C0042|P0047,R03_0.png
C0042|P0048,R03_Tick.png
C0042|P0049,R03_Tick.png
C0042|P0050,R03_AD004_IB028.png
C0042|P0052,R03_Tick.png
C0042|P0053,R03_0.png
C0042|P0054,R03_Tick.png
C0042|P0055,R03_Tick.png
C0042|P0056,R03_IB054.png
C0042|P0057,R03_Tick.png
C0042|P0058,R03_Tick.png
C0042|P0059,R03_Tick.png
C0042|P0060,R03_Tick.png
C0042|P0061,R03_Tick.png
C0042|P0063,R03_Tick.png
C0042|P0064,R03_Tick.png
C0042|P0065,R03_Tick.png
C0042|P0066,R03_Tick.png
C0042|P0067,R03_Tick.png
C0042|P0068,R03_Tick.png
C0042|P0069,R03_Tick.png
C0042|P0070,R03_0.png
C0042|P0071,R03_Tick.png
C0042|P0072,R03_Tick.png
C0042|P0073,R03_Tick.png
C0042|P0074,R03_Tick.png
C0042|P0075,R03_Tick.png
C0042|P0076,R04_Sixer.png
C0042|P0077,R04_0.png
C0042|P0078,R04_0.png
C0042|P0079,R04_Tick.png
C0042|P0080,R04_Tick.png
C0042|P0082,R04_0.png
C0042|P0083,R04_Tick.png
C0042|P0084,R04_IB057.png
C0042|P0086,R04_0.png
C0042|P0087,R04_Tick.png
C0042|P0088,R04_Tick.png
C0042|P0089,R04_Tick.png
C0042|P0090,R04_0.png
C0042|P0091,R04_Tick.png
C0042|P0092,R04_Tick.png
C0042|P0093,R04_Tick.png
C0042|P0094,R04_0.png
C0042|P0095,R04_0.png
C0042|P0096,R04_IB023_IB038.png
C0042|P0097,R04_Tick.png
C0042|P0098,R04_Tick.png
C0042|P0099,R04_Tick.png
C0042|P0100,R04_Tick.png
C0042|P0101,R04_0.png
C0042|P0102,R04_Tick.png
C0042|P0103,R04_0.png
C0042|P0104,R04_Tick.png
C0042|P0105,R04_Tick.png
C0042|P0106,R04_IB021.png
C0042|P0107,R04_Tick.png
C0042|P0108,R04_Tick.png
C0042|P0109,R04_Tick.png
C0042|P0110,R04_Tick.png
C0042|P0111,R04_Tick.png
C0042|P0112,R04_Tick.png
C0042|P0113,R04_Tick.png
C0042|P0114,R04_Tick.png
C0042|P0115,R04_Tick.png
C0042|P0116,R04_Tick.png
C0042|P0117,R04_0.png
C0042|P0118,R04_0.png
C0042|P0119,R04_0.png
C0042|P0120,R04_0.png
C0042|P0122,R04_Tick.png
C0042|P0123,R04_Tick.png
C0042|P0124,R04_Tick.png
C0042|P0125,R04_Tick.png
C0042|P0126,R04_Tick.png
C0042|P0127,R04_Tick.png
C0042|P0128,R04_Tick.png
C0042|P0129,R04_Tick.png
C0042|P0130,R04_Tick.png
C0042|P0131,R04_Tick.png
C0042|P0132,R04_Tick.png
C0042|P0133,R04_Tick.png
C0042|P0134,R04_0.png
C0042|P0135,R04_0.png
C0042|P0136,R04_0.png
C0042|P0137,R04_0.png
C0042|P0138,R04_IB005.png
C0042|P0139,R04_AD002_AD003.png
C0042|P0140,R04_Tick.png
C0042|P0141,R04_AD006.png
C0043|P0001,R03_Tick.png
C0043|P0002,R03_Tick.png
C0043|P0003,R03_0.png
C0043|P0004,R03_0.png
C0043|P0005,R03_0.png
C0043|P0006,R03_0.png
C0043|P0007,R03_0.png
C0043|P0008,R04_Sixer.png
C0043|P0009,R04_0.png
C0043|P0010,R04_Tick.png
C0043|P0011,R04_0.png
C0043|P0012,R04_0.png
C0043|P0013,R04_Tick.png
C0043|P0014,R04_Tick.png
C0043|P0015,R04_AD003_IB041.png
C0043|P0016,R04_Tick.png
C0043|P0017,R04_AD005_IB013_IB027.png
C0043|P0018,R04_Tick.png
C0043|P0020,R04_Tick.png
C0043|P0021,R04_Tick.png
C0043|P0022,R04_0.png
C0043|P0023,R04_0.png
C0043|P0024,R04_Tick.png
C0043|P0025,R04_Tick.png
C0043|P0026,R04_Tick.png
C0043|P0027,R04_Tick.png
C0043|P0028,R04_IB039.png
C0043|P0029,R04_Tick.png
C0043|P0031,R04_0.png
C0043|P0032,R04_Tick.png
C0043|P0033,R04_Tick.png
C0043|P0034,R04_Tick.png
C0043|P0036,R04_Tick.png
C0043|P0037,R04_Tick.png
C0043|P0039,R04_IB023.png
C0043|P0040,R04_Tick.png
C0043|P0041,R04_Tick.png
C0043|P0042,R04_Tick.png
C0043|P0043,R04_Tick.png
C0043|P0044,R04_0.png
C0043|P0046,R04_0.png
C0043|P0047,R04_IB037_IB057.png
C0043|P0048,R04_Tick.png
C0043|P0049,R04_AD002_AD004.png
C0043|P0050,R04_AD006.png
C0043|P0052,R04_0.png
C0043|P0053,R04_Tick.png
C0043|P0054,R04_0.png
C0043|P0055,R04_0.png
C0043|P0056,R04_Tick.png
C0043|P0057,R04_Tick.png
C0043|P0058,R04_0.png
C0043|P0059,R04_IB021.png
C0043|P0060,R04_Tick.png
C0043|P0061,R04_0.png
C0043|P0063,R04_Tick.png
C0043|P0064,R04_0.png
C0043|P0065,R04_Tick.png
C0043|P0066,R04_Tick.png
C0043|P0067,R04_0.png
C0043|P0068,R04_Tick.png
C0043|P0069,R04_Tick.png
C0043|P0070,R04_IB016.png
C0043|P0071,R04_Tick.png
C0043|P0072,R04_0.png
C0043|P0074,R04_IB002.png
C0043|P0075,R04_Tick.png
C0043|P0076,R04_0.png
C0043|P0077,R04_0.png
C0043|P0078,R04_0.png
C0043|P0079,R04_Tick.png
C0043|P0080,R04_Tick.png
C0043|P0082,R04_Tick.png
C0043|P0083,R04_Tick.png
C0043|P0084,R04_Tick.png
C0043|P0085,R04_Tick.png
C0043|P0086,R04_0.png
C0043|P0087,R04_0.png
C0043|P0088,R04_Tick.png
C0043|P0089,R04_Tick.png
C0043|P0090,R04_0.png
C0043|P0091,R04_0.png
C0043|P0092,R04_0.png
C0043|P0093,R04_0.png
C0043|P0094,R04_Tick.png
C0043|P0095,R04_0.png
C0043|P0096,R04_Tick.png
C0043|P0097,R04_Tick.png
C0044|P0001,R01_Tick.png
C0044|P0002,R01_Tick.png
C0044|P0003,R01_Tick.png
C0044|P0004,R01_0.png
C0044|P0005,R01_0.png
C0044|P0006,R01_0.png
C0044|P0007,R01_0.png
C0044|P0008,R01_Tick.png
C0044|P0009,R01_0.png
C0044|P0010,R01_0.png
C0044|P0011,R01_Tick.png
C0044|P0012,R01_Tick.png
C0044|P0013,R01_Tick.png
C0044|P0014,R01_Tick.png
C0044|P0015,R02_AD001.png
C0044|P0016,R02_0.png
C0044|P0017,R02_IB021_IB027.png
C0044|P0018,R02_0.png
C0044|P0020,R02_Tick.png
C0044|P0021,R02_0.png
C0044|P0022,R02_Tick.png
C0044|P0023,R02_Tick.png
C0044|P0024,R02_0.png
C0044|P0025,R02_Tick.png
C0044|P0026,R02_Tick.png
C0044|P0027,R02_IB059.png
C0044|P0028,R02_Tick.png
C0044|P0029,R02_0.png
C0044|P0030,R02_Tick.png
C0044|P0031,R02_0.png
C0044|P0032,R02_Tick.png
C0044|P0033,R02_0.png
C0045|P0001,R01_0.png
C0045|P0002,R01_Tick.png
C0045|P0003,R01_Tick.png
C0045|P0004,R01_0.png
C0045|P0005,R01_Tick.png
C0045|P0006,R01_0.png
C0045|P0007,R01_Tick.png
C0045|P0008,R01_Tick.png
C0045|P0009,R01_Tick.png
C0045|P0010,R01_Tick.png
C0045|P0011,R01_0.png
C0045|P0012,R01_Tick.png
C0045|P0013,R02_AD001_IB061.png
C0045|P0014,R02_0.png
C0045|P0015,R02_Tick.png
C0045|P0016,R02_Tick.png
C0045|P0017,R02_IB027.png
C0045|P0018,R02_IB055.png
C0045|P0020,R02_0.png
C0045|P0021,R02_Tick.png
C0045|P0022,R02_Tick.png
C0045|P0023,R02_Tick.png
C0045|P0024,R02_Tick.png
C0045|P0025,R02_Tick.png
C0045|P0026,R02_Tick.png
C0045|P0027,R02_Tick.png
C0045|P0028,R02_Tick.png
C0045|P0029,R02_0.png
C0045|P0031,R02_Tick.png
C0045|P0032,R02_Tick.png
C0045|P0033,R02_0.png
C0045|P0034,R02_Tick.png
C0045|P0036,R02_Tick.png
C0045|P0037,R02_Tick.png
C0045|P0039,R02_Tick.png
C0045|P0040,R02_Tick.png
C0045|P0041,R02_Tick.png
C0045|P0042,R02_Tick.png
C0045|P0043,R02_Tick.png
C0045|P0044,R02_0.png
C0045|P0046,R02_0.png
C0045|P0047,R02_0.png
C0045|P0048,R02_Tick.png
C0045|P0049,R02_Tick.png
C0045|P0050,R02_IB028.png
C0045|P0052,R02_Tick.png
C0045|P0053,R02_0.png
C0045|P0054,R02_Tick.png
C0045|P0055,R02_Tick.png
C0045|P0056,R02_IB054.png
C0045|P0057,R02_Tick.png
C0045|P0058,R02_0.png
C0045|P0059,R02_Tick.png
C0045|P0060,R02_Tick.png
C0045|P0061,R02_Tick.png
C0045|P0063,R02_0.png
C0045|P0064,R02_0.png
C0045|P0065,R02_Tick.png
C0045|P0066,R02_Tick.png
C0045|P0067,R02_Tick.png
C0045|P0068,R02_Tick.png
C0045|P0069,R02_Tick.png
C0045|P0070,R02_AD002_IB016.png
C0045|P0071,R02_Tick.png
C0045|P0072,R02_IB059.png
C0045|P0074,R02_Tick.png
C0045|P0075,R02_Tick.png
C0045|P0076,R02_0.png
C0045|P0077,R02_Tick.png
C0045|P0078,R02_0.png
C0045|P0079,R02_Tick.png
C0045|P0080,R02_Tick.png
C0045|P0082,R02_Tick.png
C0045|P0083,R02_0.png
C0045|P0084,R02_IB057.png
C0045|P0086,R02_0.png
C0045|P0087,R02_Tick.png
C0045|P0088,R02_Tick.png
C0045|P0089,R02_0.png
C0045|P0090,R02_Tick.png
C0045|P0091,R02_0.png
C0045|P0092,R02_0.png
C0045|P0093,R02_0.png
C0045|P0094,R02_Tick.png
C0045|P0095,R02_Tick.png
C0045|P0096,R02_0.png
C0045|P0097,R02_0.png
C0045|P0098,R02_0.png
C0045|P0099,R02_Tick.png
C0045|P0100,R02_Tick.png
C0045|P0101,R02_0.png
C0045|P0102,R02_Tick.png
C0045|P0103,R02_0.png
C0045|P0104,R02_AD005.png
C0045|P0105,R02_Tick.png
C0045|P0106,R02_Tick.png
C0045|P0107,R02_Tick.png
C0045|P0108,R02_Tick.png
C0045|P0109,R02_Tick.png
C0045|P0110,R02_Tick.png
C0045|P0111,R02_0.png
C0045|P0113,R02_Tick.png
C0045|P0114,R02_Tick.png
C0045|P0115,R02_Tick.png
C0045|P0116,R02_Tick.png
C0045|P0117,R02_0.png
C0045|P0118,R02_Tick.png
C0045|P0119,R02_Tick.png
C0045|P0120,R02_Tick.png
C0045|P0122,R02_Tick.png
C0045|P0123,R02_Tick.png
C0045|P0124,R02_Tick.png
C0045|P0125,R02_Tick.png
C0045|P0126,R02_Tick.png
C0045|P0127,R02_Tick.png
C0045|P0128,R02_Tick.png
C0045|P0129,R02_Tick.png
C0045|P0130,R02_Tick.png
C0045|P0131,R02_0.png
C0045|P0132,R03_Second.png
C0045|P0133,R03_Tick.png
C0045|P0134,R03_0.png
C0045|P0135,R03_IB005.png
C0045|P0136,R03_Tick.png
C0045|P0137,R03_Tick.png
C0045|P0138,R03_0.png
C0045|P0139,R03_Tick.png
C0045|P0140,R03_Tick.png
C0045|P0141,R03_Tick.png
C0045|P0142,R03_Tick.png
C0045|P0143,R03_Tick.png
C0045|P0144,R03_Tick.png
C0045|P0145,R03_Tick.png
C0045|P0146,R03_0.png
C0045|P0147,R03_Tick.png
C0045|P0148,R03_AD003_AD004_AD006.png
C0045|P0149,R03_Tick.png
C0045|P0150,R04_Sixer.png
C0045|P0151,R04_Tick.png
C0045|P0153,R04_Tick.png
C0045|P0154,R04_0.png
C0045|P0155,R04_0.png
C0045|P0156,R04_Tick.png
C0045|P0157,R04_Tick.png
C0045|P0158,R04_Tick.png
C0045|P0159,R04_Tick.png
C0045|P0160,R04_IB003.png
C0045|P0161,R04_Tick.png
C0046|P0001,R02_Tick.png
C0046|P0002,R02_Tick.png
C0046|P0003,R02_Tick.png
C0047|P0001,R01_Tick.png
C0047|P0002,R01_Tick.png
C0047|P0003,R01_Tick.png
C0047|P0004,R02_AD001.png
C0047|P0005,R02_Tick.png
C0047|P0006,R02_Tick.png
C0047|P0007,R02_Tick.png
C0047|P0008,R02_Tick.png
C0047|P0009,R02_Tick.png
C0047|P0010,R02_Tick.png
C0047|P0011,R02_Tick.png
C0047|P0012,R02_Tick.png
C0047|P0013,R04_Sixer_IB061.png
C0047|P0014,R04_Tick.png
C0047|P0015,R04_Tick.png
C0047|P0016,R04_IB021.png
C0047|P0017,R04_0.png
C0047|P0018,R04_0.png
C0047|P0020,R04_IB027.png
C0047|P0021,R04_Tick.png
C0047|P0022,R04_Tick.png
C0047|P0023,R04_IB043.png
C0047|P0024,R04_Tick.png
C0047|P0025,R04_Tick.png
C0047|P0026,R04_Tick.png
C0047|P0027,R04_0.png
C0047|P0028,R04_0.png
C0047|P0030,R04_AD009_AD012_IB024_IB033.png
C0048|P0001,R04_AD005.png
C0048|P0002,R04_Tick.png
C0048|P0003,R04_Tick.png
C0048|P0004,R04_Tick.png
C0048|P0005,R04_Tick.png
C0048|P0006,R04_Tick.png
C0048|P0007,R04_Tick.png
C0048|P0008,R04_Tick.png
C0048|P0009,R04_0.png
C0048|P0010,R04_Tick.png
C0048|P0012,R04_Tick.png
C0048|P0014,R04_IB055_IB061.png
C0048|P0016,R04_Tick.png
C0048|P0017,R04_IB024.png
C0048|P0018,R04_AD002_AD004.png
C0049|P0001,R03_Tick.png
C0049|P0002,R03_Tick.png
C0049|P0003,R03_Tick.png
C0049|P0004,R03_Tick.png
C0049|P0005,R03_AD005.png
C0049|P0006,R03_Tick.png
C0049|P0007,R03_0.png
C0049|P0008,R03_0.png
C0049|P0009,R03_0.png
C0049|P0010,R03_IB046.png
C0049|P0011,R03_Tick.png
C0049|P0012,R03_0.png
C0049|P0013,R03_Tick.png
C0049|P0014,R03_Tick.png
C0049|P0015,R03_Tick.png
C0049|P0016,R03_IB002_IB041.png
C0049|P0017,R03_IB027.png
C0049|P0018,R03_Tick.png
C0049|P0020,R03_0.png
C0049|P0021,R04_Sixer_AD002.png
C0049|P0022,R04_0.png
C0049|P0023,R04_0.png
C0049|P0024,R04_Tick.png
C0049|P0025,R04_Tick.png
C0049|P0026,R04_Tick.png
C0049|P0027,R04_IB024_IB056.png
C0049|P0028,R04_Tick.png
C0049|P0029,R04_Tick.png
C0049|P0030,R04_Tick.png
C0049|P0031,R04_AD003.png
C0049|P0032,R04_IB013.png
C0049|P0033,R04_AD006_IB037.png
C0049|P0034,R04_AD004_AD011.png
C0049|P0035,R04_Tick.png
C0049|P0036,R04_Tick.png
C0049|P0037,R04_Tick.png
C0049|P0038,R04_Tick.png
C0049|P0039,R04_IB015_IB023.png
C0049|P0040,R04_IB020.png
C0049|P0041,R04_Tick.png
C0049|P0042,R04_Tick.png
C0049|P0043,R04_Tick.png
C0049|P0044,R04_0.png
C0049|P0045,R04_Tick.png
C0049|P0046,R04_0.png
C0049|P0047,R04_IB028_IB038_IB057.png
C0049|P0048,R04_Tick.png
C0049|P0049,R04_Tick.png
C0049|P0050,R04_IB022.png
C0049|P0052,R04_IB030_IB044.png
C0049|P0053,R04_Tick.png
C0049|P0054,R04_Tick.png
C0049|P0055,R04_Tick.png
C0049|P0056,R04_IB054.png
C0049|P0057,R04_Tick.png
C0049|P0058,R04_IB021.png
C0049|P0059,R04_Tick.png
C0049|P0060,R04_AD007.png
C0049|P0061,R04_AD010_IB005_IB048_IB052.png
C0049|P0063,R04_Tick.png
C0049|P0064,R04_IB063.png
C0049|P0065,R04_Tick.png
C0049|P0066,R04_Tick.png
C0049|P0067,R04_IB043.png
C0049|P0068,R04_Tick.png
C0049|P0069,R04_Tick.png
C0049|P0070,R04_AD008_IB016_IB029.png
C0049|P0071,R04_Tick.png
C0049|P0072,R04_Tick.png
C0049|P0073,R04_Tick.png
C0049|P0074,R04_AD009_AD012_IB047.png
C0050|P0001,R03_Tick.png
C0050|P0002,R03_Tick.png
C0050|P0003,R03_Tick.png
C0050|P0004,R03_Tick.png
C0050|P0005,R03_AD005.png
C0050|P0006,R03_Tick.png
C0050|P0007,R03_Tick.png
C0050|P0008,R03_Tick.png
C0050|P0009,R03_0.png
C0050|P0010,R03_0.png
C0050|P0011,R03_Tick.png
C0050|P0012,R03_0.png
C0050|P0013,R03_Tick.png
C0050|P0014,R03_Tick.png
C0050|P0015,R03_Tick.png
C0050|P0016,R03_Tick.png
C0050|P0017,R03_AD004_IB027.png
C0050|P0018,R03_Tick.png
C0050|P0020,R03_Tick.png
C0050|P0021,R03_AD002.png
C0050|P0022,R03_Tick.png
C0050|P0023,R03_0.png
C0050|P0024,R03_Tick.png
C0050|P0025,R03_0.png
C0050|P0026,R03_Tick.png
C0050|P0027,R03_0.png
C0050|P0028,R03_0.png
C0050|P0029,R03_Tick.png
C0050|P0030,R03_Tick.png
C0050|P0031,R03_Tick.png
C0050|P0032,R03_IB037.png
C0051|P0001,R01_Tick.png
C0051|P0002,R01_Tick.png
C0051|P0003,R01_Tick.png
C0051|P0004,R01_0.png
C0051|P0005,R01_0.png
C0051|P0006,R01_0.png
C0051|P0007,R01_0.png
C0051|P0008,R01_Tick.png
C0051|P0009,R01_0.png
C0051|P0010,R01_0.png
C0051|P0011,R01_Tick.png
C0051|P0012,R01_Tick.png
C0051|P0013,R01_IB055_IB061.png
C0051|P0014,R01_Tick.png
C0051|P0015,R02_AD001.png
C0051|P0016,R02_0.png
C0051|P0017,R02_IB027.png
C0051|P0018,R02_0.png
C0051|P0020,R02_Tick.png
C0051|P0021,R02_0.png
C0051|P0022,R02_Tick.png
C0051|P0023,R02_Tick.png
C0051|P0024,R02_0.png
C0051|P0025,R02_Tick.png
C0051|P0026,R02_Tick.png
C0051|P0027,R02_IB059.png
C0051|P0028,R02_Tick.png
C0051|P0029,R02_0.png
C0051|P0030,R02_Tick.png
C0051|P0031,R02_0.png
C0051|P0032,R02_Tick.png
C0051|P0033,R02_IB037.png
C0051|P0034,R02_0.png
C0051|P0036,R02_Tick.png
C0051|P0037,R02_0.png
C0051|P0039,R02_0.png
C0051|P0040,R02_Tick.png
C0051|P0041,R02_0.png
C0051|P0042,R02_Tick.png
C0051|P0043,R02_0.png
C0051|P0044,R02_Tick.png
C0051|P0046,R02_Tick.png
C0051|P0047,R02_IB028.png
C0051|P0048,R02_Tick.png
C0051|P0049,R02_Tick.png
C0051|P0050,R02_Tick.png
C0051|P0052,R02_Tick.png
C0051|P0053,R02_0.png
C0051|P0054,R02_0.png
C0051|P0055,R02_0.png
C0051|P0056,R02_Tick.png
C0051|P0057,R02_Tick.png
C0051|P0058,R02_0.png
C0051|P0059,R02_Tick.png
C0051|P0060,R02_Tick.png
C0051|P0061,R02_Tick.png
C0051|P0063,R02_Tick.png
C0051|P0064,R02_Tick.png
C0051|P0065,R02_0.png
C0051|P0066,R02_0.png
C0051|P0067,R02_0.png
C0051|P0068,R02_Tick.png
C0051|P0069,R02_Tick.png
C0051|P0070,R02_0.png
C0051|P0071,R02_0.png
C0051|P0072,R02_Tick.png
C0051|P0074,R02_0.png
C0051|P0075,R02_Tick.png
C0051|P0076,R03_Second.png
C0051|P0077,R03_Tick.png
C0051|P0078,R03_Tick.png
C0051|P0079,R03_Tick.png
C0051|P0080,R03_Tick.png
C0051|P0082,R03_0.png
C0051|P0083,R03_0.png
C0051|P0084,R03_0.png
C0051|P0085,R03_Tick.png
C0051|P0086,R03_0.png
C0051|P0087,R03_0.png
C0051|P0088,R03_0.png
C0051|P0089,R03_0.png
C0051|P0090,R03_Tick.png
C0051|P0091,R03_Tick.png
C0051|P0092,R03_Tick.png
C0051|P0093,R03_Tick.png
C0051|P0094,R03_IB023_IB038.png
C0051|P0095,R03_0.png
C0051|P0096,R03_0.png
C0051|P0097,R03_Tick.png
C0051|P0098,R03_0.png
C0051|P0099,R03_0.png
C0051|P0100,R03_0.png
C0051|P0101,R03_0.png
C0051|P0102,R03_0.png
C0051|P0103,R03_Tick.png
C0052|P0001,R02_0.png
C0052|P0002,R02_Tick.png
C0052|P0003,R02_IB058.png
C0053|P0002,R01_Tick.png
C0053|P0003,R01_Tick.png
C0053|P0004,R01_0.png
C0053|P0005,R01_Tick.png
C0053|P0006,R01_Tick.png
C0053|P0007,R01_Tick.png
C0053|P0008,R01_Tick.png
C0053|P0009,R01_Tick.png
C0053|P0010,R01_0.png
C0053|P0011,R01_Tick.png
C0053|P0012,R01_0.png
C0053|P0013,R02_AD001.png
C0053|P0014,R02_0.png
C0053|P0015,R02_IB058.png
C0053|P0016,R02_Tick.png
C0053|P0017,R02_IB027.png
C0053|P0018,R02_Tick.png
C0053|P0020,R02_Tick.png
C0053|P0021,R02_Tick.png
C0053|P0022,R02_IB047.png
C0053|P0023,R02_0.png
C0053|P0024,R02_0.png
C0053|P0025,R02_0.png
C0053|P0026,R02_Tick.png
C0053|P0027,R02_IB059.png
C0053|P0028,R02_Tick.png
C0053|P0029,R02_Tick.png
C0053|P0031,R02_Tick.png
C0053|P0032,R02_IB003_IB028.png
C0053|P0033,R02_0.png
C0053|P0034,R02_AD005.png
C0053|P0036,R02_0.png
C0053|P0037,R02_Tick.png
C0053|P0038,R02_Tick.png
C0053|P0039,R02_IB015.png
C0053|P0040,R02_Tick.png
C0053|P0041,R02_0.png
C0053|P0042,R02_Tick.png
C0053|P0043,R02_Tick.png
C0053|P0044,R02_Tick.png
C0053|P0046,R02_Tick.png
C0053|P0047,R02_0.png
C0053|P0048,R02_Tick.png
C0053|P0049,R02_Tick.png
C0053|P0050,R02_Tick.png
C0053|P0052,R02_Tick.png
C0053|P0053,R02_0.png
C0053|P0054,R02_Tick.png
C0054|P0005,R01_Tick.png
C0054|P0006,R01_Tick.png
C0054|P0007,R01_Tick.png
C0054|P0008,R01_Tick.png
C0054|P0009,R01_0.png
C0054|P0010,R01_Tick.png
C0054|P0011,R01_Tick.png
C0054|P0012,R01_0.png
C0054|P0013,R01_Tick.png
C0054|P0014,R01_Tick.png
C0054|P0015,R01_0.png
C0054|P0016,R01_Tick.png
C0054|P0017,R02_AD001.png
C0054|P0018,R02_0.png
C0054|P0020,R02_Tick.png
C0054|P0021,R02_Tick.png
C0054|P0022,R02_Tick.png
C0054|P0023,R02_Tick.png
C0054|P0024,R02_Tick.png
C0054|P0025,R02_Tick.png
C0054|P0026,R02_0.png
C0054|P0027,R02_0.png
C0054|P0028,R02_Tick.png
C0054|P0029,R02_Tick.png
C0054|P0030,R02_Tick.png
C0054|P0031,R02_Tick.png
C0054|P0032,R02_Tick.png
C0054|P0033,R02_IB037.png
C0054|P0034,R02_Tick.png
C0054|P0035,R02_Tick.png
C0054|P0036,R02_Tick.png
C0054|P0037,R02_Tick.png
C0054|P0039,R02_Tick.png
C0054|P0040,R02_Tick.png
C0054|P0041,R02_0.png
C0054|P0042,R02_Tick.png
C0054|P0043,R02_Tick.png
C0054|P0044,R02_Tick.png
C0054|P0046,R02_IB038_IB057.png
C0054|P0047,R02_IB028.png
C0054|P0048,R02_Tick.png
C0054|P0049,R02_Tick.png
C0054|P0050,R02_Tick.png
C0054|P0052,R02_Tick.png
C0054|P0053,R02_Tick.png
C0054|P0054,R02_Tick.png
C0054|P0055,R02_0.png
C0054|P0056,R02_Tick.png
C0054|P0057,R02_0.png
C0054|P0058,R02_0.png
C0054|P0059,R02_Tick.png
C0054|P0060,R02_0.png
C0054|P0061,R02_Tick.png
C0054|P0063,R02_Tick.png
C0054|P0064,R02_Tick.png
C0054|P0065,R02_Tick.png
C0054|P0066,R02_0.png
C0054|P0067,R02_Tick.png
C0054|P0068,R02_0.png
C0054|P0069,R02_0.png
C0054|P0070,R02_Tick.png
C0054|P0071,R02_Tick.png
C0054|P0072,R02_IB059.png
C0054|P0074,R02_Tick.png
C0054|P0075,R02_Tick.png
C0054|P0076,R02_Tick.png
C0054|P0077,R02_Tick.png
C0054|P0078,R02_Tick.png
C0054|P0079,R02_Tick.png
C0054|P0080,R02_Tick.png
C0054|P0082,R02_Tick.png
C0054|P0083,R02_0.png
C0054|P0084,R02_Tick.png
C0054|P0086,R02_0.png
C0054|P0087,R02_Tick.png
C0054|P0088,R02_0.png
C0054|P0089,R02_Tick.png
C0055|P0005,R01_Tick.png
C0055|P0006,R01_Tick.png
C0055|P0007,R01_Tick.png
C0055|P0008,R01_Tick.png
C0055|P0009,R01_0.png
C0055|P0010,R01_Tick.png
C0055|P0011,R01_Tick.png
C0055|P0012,R01_0.png
C0055|P0013,R01_0.png
C0055|P0014,R01_Tick.png
C0055|P0015,R01_Tick.png
C0055|P0016,R02_AD001.png
C0055|P0017,R02_IB027.png
C0055|P0018,R02_0.png
C0055|P0020,R02_Tick.png
C0055|P0021,R02_Tick.png
C0055|P0022,R02_Tick.png
C0055|P0023,R02_Tick.png
C0055|P0024,R02_0.png
C0055|P0025,R02_Tick.png
C0055|P0026,R02_Tick.png
C0055|P0027,R02_IB059.png
C0055|P0028,R02_Tick.png
C0055|P0029,R02_Tick.png
C0055|P0030,R02_Tick.png
C0055|P0031,R02_Tick.png
C0055|P0032,R02_Tick.png
C0055|P0033,R02_IB037.png
C0055|P0034,R02_Tick.png
C0055|P0036,R02_Tick.png
C0055|P0037,R02_0.png
C0055|P0039,R02_Tick.png
C0055|P0040,R02_Tick.png
C0055|P0041,R02_Tick.png
C0055|P0042,R02_IB023.png
C0055|P0043,R02_0.png
C0055|P0044,R02_Tick.png
C0055|P0045,R02_Tick.png
C0055|P0046,R02_IB022.png
C0055|P0047,R02_0.png
C0055|P0048,R02_0.png
C0055|P0049,R02_0.png
C0055|P0050,R02_IB028.png
C0055|P0051,R02_Tick.png
C0055|P0052,R02_Tick.png
C0055|P0053,R02_Tick.png
C0055|P0054,R02_0.png
C0055|P0055,R02_0.png
C0055|P0056,R02_Tick.png
C0055|P0057,R02_Tick.png
C0055|P0058,R02_Tick.png
C0055|P0059,R02_Tick.png
C0055|P0060,R02_0.png
C0055|P0061,R02_Tick.png
C0055|P0063,R02_Tick.png
C0055|P0064,R02_Tick.png
C0055|P0065,R02_Tick.png
C0055|P0066,R02_0.png
C0055|P0067,R02_Tick.png
C0055|P0068,R02_Tick.png
C0055|P0069,R02_Tick.png
C0055|P0070,R02_Tick.png
C0055|P0071,R02_Tick.png
C0055|P0072,R02_Tick.png
C0055|P0073,R02_Tick.png
C0055|P0074,R02_Tick.png
C0055|P0075,R02_IB015.png
C0055|P0076,R02_0.png
C0055|P0077,R02_Tick.png
C0055|P0078,R02_Tick.png
C0055|P0079,R03_Second.png
C0055|P0080,R03_0.png
C0055|P0082,R03_0.png
C0055|P0083,R03_0.png
C0055|P0084,R03_IB057.png
C0055|P0086,R03_Tick.png
C0055|P0087,R03_Tick.png
C0055|P0088,R03_Tick.png
C0055|P0089,R03_Tick.png
C0055|P0090,R03_Tick.png
C0055|P0091,R03_0.png
C0055|P0092,R03_0.png
C0055|P0093,R03_0.png
C0055|P0094,R03_0.png
C0055|P0095,R03_0.png
C0055|P0096,R03_Tick.png
C0055|P0097,R03_Tick.png
C0055|P0098,R03_Tick.png
C0055|P0099,R03_0.png
C0055|P0100,R03_Tick.png
C0055|P0101,R03_0.png
C0055|P0102,R03_0.png
C0055|P0103,R03_Tick.png
C0055|P0104,R03_Tick.png
C0055|P0105,R03_Tick.png
C0055|P0106,R03_Tick.png
C0055|P0107,R03_Tick.png
C0055|P0108,R03_Tick.png
C0056|P0005,R01_Tick.png
C0056|P0006,R01_Tick.png
C0056|P0007,R01_Tick.png
C0056|P0008,R01_Tick.png
C0056|P0009,R01_0.png
C0056|P0010,R01_Tick.png
C0056|P0011,R01_Tick.png
C0056|P0012,R01_0.png
C0056|P0013,R01_0.png
C0056|P0014,R01_Tick.png
C0056|P0015,R01_Tick.png
C0056|P0016,R02_AD001.png
C0056|P0017,R02_IB027.png
C0056|P0018,R02_0.png
C0056|P0020,R02_Tick.png
C0056|P0021,R02_Tick.png
C0056|P0022,R02_0.png
C0056|P0023,R02_0.png
C0056|P0024,R02_0.png
C0056|P0025,R02_Tick.png
C0056|P0026,R02_Tick.png
C0056|P0027,R02_IB059.png
C0056|P0028,R02_Tick.png
C0056|P0029,R02_Tick.png
C0056|P0030,R02_Tick.png
C0056|P0031,R02_Tick.png
C0056|P0032,R02_Tick.png
C0056|P0033,R02_IB037.png
C0056|P0034,R02_Tick.png
C0056|P0036,R02_Tick.png
C0056|P0037,R02_0.png
C0056|P0039,R02_Tick.png
C0056|P0040,R02_Tick.png
C0056|P0041,R02_Tick.png
C0056|P0042,R02_IB023.png
C0056|P0043,R02_0.png
C0056|P0044,R02_Tick.png
C0056|P0046,R02_Tick.png
C0056|P0047,R02_0.png
C0056|P0048,R02_0.png
C0056|P0049,R02_0.png
C0056|P0050,R02_IB028.png
C0056|P0051,R02_Tick.png
C0056|P0052,R02_Tick.png
C0056|P0053,R02_Tick.png
C0056|P0054,R02_0.png
C0056|P0055,R02_0.png
C0056|P0056,R02_0.png
C0056|P0057,R02_Tick.png
C0056|P0058,R02_Tick.png
C0056|P0059,R02_Tick.png
C0056|P0060,R02_0.png
C0056|P0061,R02_Tick.png
C0056|P0063,R02_Tick.png
C0056|P0064,R02_Tick.png
C0056|P0065,R02_Tick.png
C0056|P0066,R02_0.png
C0056|P0067,R02_Tick.png
C0056|P0068,R02_0.png
C0056|P0069,R02_0.png
C0056|P0070,R02_Tick.png
C0056|P0071,R02_Tick.png
C0056|P0086,R03_Second_IB015_IB057.png
C0056|P0087,R03_Tick.png
C0056|P0088,R03_Tick.png
C0056|P0089,R03_Tick.png
C0056|P0090,R03_Tick.png
C0056|P0091,R03_0.png
C0056|P0092,R03_0.png
C0056|P0093,R03_0.png
C0056|P0094,R03_0.png
C0056|P0095,R03_Tick.png
C0056|P0096,R03_Tick.png
C0056|P0097,R03_Tick.png
C0056|P0098,R03_Tick.png
C0056|P0099,R03_0.png
C0056|P0100,R04_Sixer.png
C0056|P0101,R04_0.png
C0056|P0102,R04_0.png
C0056|P0103,R04_Tick.png
C0056|P0104,R04_Tick.png
C0056|P0105,R04_Tick.png
C0056|P0106,R04_Tick.png
C0056|P0107,R04_Tick.png
C0056|P0108,R04_Tick.png
C0056|P0109,R04_Tick.png
C0056|P0110,R04_0.png
C0056|P0111,R04_0.png
C0056|P0112,R04_0.png
C0056|P0113,R04_0.png
C0056|P0114,R04_Tick.png
C0056|P0115,R04_0.png
C0056|P0116,R04_0.png
C0056|P0117,R04_0.png
C0056|P0118,R04_0.png
C0056|P0119,R04_0.png
C0056|P0120,R04_Tick.png
C0056|P0122,R04_Tick.png
C0056|P0123,R04_Tick.png
C0056|P0124,R04_Tick.png
C0056|P0125,R04_Tick.png
C0056|P0126,R04_Tick.png
C0056|P0127,R04_Tick.png
C0056|P0128,R04_Tick.png
C0056|P0129,R04_Tick.png
C0057|P0005,R01_Tick.png
C0057|P0006,R01_Tick.png
C0057|P0007,R01_Tick.png
C0057|P0008,R01_Tick.png
C0057|P0009,R01_0.png
C0057|P0010,R01_Tick.png
C0057|P0011,R01_Tick.png
C0057|P0012,R01_0.png
C0057|P0013,R01_0.png
C0057|P0014,R01_0.png
C0057|P0015,R01_Tick.png
C0057|P0016,R01_Tick.png
C0057|P0017,R02_AD001.png
C0058|P0010,R01_Tick.png
C0058|P0011,R01_Tick.png
C0058|P0012,R01_0.png
C0058|P0013,R01_Tick.png
C0059|P0011,R01_Tick.png
C0059|P0012,R01_Tick.png
C0059|P0013,R01_IB055_IB061.png
C0059|P0014,R01_0.png
C0059|P0015,R01_Tick.png
C0059|P0016,R01_Tick.png
C0059|P0017,R01_Tick.png
C0059|P0018,R01_0.png
C0059|P0020,R01_Tick.png
C0059|P0021,R01_Tick.png
C0059|P0022,R02_AD001.png
C0059|P0023,R02_0.png
C0059|P0024,R02_0.png
C0059|P0025,R02_Tick.png
C0059|P0026,R02_0.png
C0059|P0027,R02_0.png
C0059|P0028,R02_0.png
C0059|P0029,R02_Tick.png
C0059|P0030,R02_Tick.png
C0059|P0031,R02_0.png
C0059|P0032,R02_Tick.png
C0059|P0033,R02_0.png
C0059|P0034,R02_0.png
C0059|P0036,R02_Tick.png
C0059|P0037,R02_Tick.png
C0059|P0039,R02_Tick.png
C0059|P0040,R02_Tick.png
C0060|P0011,R01_Tick.png
C0060|P0012,R01_Tick.png
C0060|P0013,R01_IB055_IB061.png
C0060|P0014,R01_0.png
C0060|P0015,R01_Tick.png
C0060|P0016,R01_Tick.png
C0060|P0017,R01_Tick.png
C0060|P0018,R01_0.png
C0060|P0020,R01_Tick.png
C0060|P0021,R01_Tick.png
C0060|P0022,R02_AD001.png
C0060|P0023,R02_0.png
C0060|P0024,R02_Tick.png
C0060|P0025,R02_Tick.png
C0060|P0026,R02_0.png
C0060|P0027,R02_0.png
C0060|P0028,R02_0.png
C0060|P0029,R02_Tick.png
C0060|P0030,R02_Tick.png
C0060|P0031,R02_Tick.png
C0060|P0032,R02_Tick.png
C0060|P0033,R02_0.png
C0060|P0034,R02_0.png
C0060|P0036,R02_Tick.png
C0060|P0037,R02_Tick.png
C0060|P0039,R02_Tick.png
C0060|P0040,R02_Tick.png
C0061|P0020,R01_Tick.png
C0061|P0021,R01_Tick.png
C0061|P0022,R01_Tick.png
C0061|P0023,R01_0.png
C0061|P0024,R01_Tick.png
C0061|P0025,R01_Tick.png
C0061|P0026,R01_Tick.png
C0061|P0027,R01_IB059.png
C0061|P0028,R01_0.png
C0061|P0029,R02_AD001.png
C0061|P0031,R02_Tick.png
C0061|P0032,R02_Tick.png
C0061|P0033,R02_Tick.png
C0061|P0034,R02_Tick.png
C0061|P0035,R02_Tick.png
C0061|P0036,R02_0.png
C0061|P0037,R02_Tick.png
C0061|P0038,R02_Tick.png
C0061|P0039,R02_IB015_IB052.png
C0061|P0040,R02_Tick.png
C0061|P0041,R02_Tick.png
C0061|P0042,R02_Tick.png
C0061|P0043,R02_Tick.png
C0061|P0044,R02_0.png
C0061|P0046,R02_IB038.png
C0061|P0047,R02_IB028.png
C0061|P0048,R02_0.png
C0061|P0049,R02_0.png
C0061|P0050,R02_Tick.png
C0061|P0052,R02_Tick.png
C0061|P0053,R02_Tick.png
C0061|P0054,R02_Tick.png
C0061|P0055,R02_0.png
C0061|P0056,R02_Tick.png
C0061|P0057,R02_Tick.png
C0061|P0058,R02_Tick.png
C0061|P0059,R02_Tick.png
C0061|P0060,R02_Tick.png
C0061|P0061,R02_IB025.png
C0061|P0063,R02_Tick.png
C0061|P0064,R02_Tick.png
C0061|P0065,R02_Tick.png
C0061|P0066,R02_Tick.png
C0061|P0067,R02_Tick.png
C0061|P0068,R02_Tick.png
C0061|P0069,R02_Tick.png
C0061|P0070,R02_Tick.png
C0061|P0071,R02_Tick.png
C0061|P0072,R02_Tick.png
C0061|P0074,R02_Tick.png
C0061|P0075,R02_Tick.png
C0061|P0076,R02_Tick.png
C0061|P0077,R02_IB005.png
C0061|P0078,R02_Tick.png
C0061|P0079,R02_Tick.png
C0061|P0080,R02_Tick.png
C0061|P0082,R02_Tick.png
C0061|P0083,R02_Tick.png
C0061|P0084,R02_IB057.png
C0061|P0086,R02_0.png
C0061|P0087,R02_Tick.png
C0061|P0088,R02_Tick.png
C0061|P0089,R02_0.png
C0061|P0090,R02_Tick.png
C0061|P0091,R02_Tick.png
C0061|P0092,R02_Tick.png
C0061|P0093,R02_Tick.png
C0061|P0094,R02_IB023.png
C0061|P0095,R02_AD002.png
C0061|P0096,R02_Tick.png
C0061|P0097,R02_Tick.png
C0061|P0098,R02_0.png
C0061|P0099,R02_Tick.png
C0061|P0100,R02_Tick.png
C0061|P0101,R02_Tick.png
C0061|P0102,R02_Tick.png
C0061|P0103,R02_AD004.png
C0061|P0104,R02_AD005.png
C0061|P0105,R02_Tick.png
C0061|P0106,R02_Tick.png
C0061|P0107,R02_0.png
C0061|P0108,R02_Tick.png
C0061|P0109,R03_Second.png
C0061|P0110,R03_Tick.png
C0061|P0111,R03_Tick.png
C0061|P0112,R03_Tick.png
C0061|P0113,R03_Tick.png
C0061|P0114,R03_Tick.png
C0061|P0115,R03_Tick.png
C0061|P0116,R03_Tick.png
C0061|P0117,R03_0.png
C0061|P0118,R03_0.png
C0061|P0119,R03_0.png
C0061|P0120,R03_Tick.png
C0061|P0122,R03_Tick.png
C0061|P0123,R03_IB024_IB039.png
C0061|P0124,R03_Tick.png
C0061|P0125,R03_Tick.png
C0061|P0126,R03_Tick.png
C0061|P0127,R03_Tick.png
C0061|P0128,R03_Tick.png
C0061|P0129,R03_Tick.png
C0061|P0130,R03_Tick.png
C0061|P0131,R03_Tick.png
C0061|P0132,R03_Tick.png
C0061|P0133,R03_Tick.png
C0061|P0134,R03_Tick.png
C0061|P0135,R03_Tick.png
C0061|P0136,R03_Tick.png
C0061|P0137,R03_Tick.png
C0061|P0138,R03_Tick.png
C0061|P0139,R03_0.png
C0061|P0140,R03_0.png
C0061|P0141,R03_Tick.png
C0061|P0142,R03_Tick.png
C0061|P0143,R03_Tick.png
C0061|P0144,R03_Tick.png
C0061|P0145,R03_Tick.png
C0061|P0146,R03_Tick.png
C0061|P0147,R03_Tick.png
C0061|P0148,R03_AD003_AD006.png
C0061|P0149,R03_0.png
C0061|P0150,R03_Tick.png
C0061|P0151,R03_Tick.png
C0061|P0153,R03_Tick.png
C0061|P0154,R03_Tick.png
C0061|P0155,R03_Tick.png
C0061|P0156,R03_Tick.png
C0061|P0157,R03_Tick.png
C0061|P0158,R03_0.png
C0061|P0159,R03_0.png
C0061|P0160,R03_Tick.png
C0061|P0161,R03_Tick.png
C0061|P0162,R03_Tick.png
C0061|P0163,R03_Tick.png
C0061|P0164,R04_Sixer.png
C0061|P0165,R04_Tick.png
C0061|P0166,R04_Tick.png
C0061|P0167,R04_Tick.png
C0061|P0168,R04_Tick.png
C0061|P0169,R04_IB008_IB009_IB020.png
C0061|P0170,R04_Tick.png
C0061|P0171,R04_Tick.png
C0061|P0172,R04_Tick.png
C0061|P0173,R04_AD007_AD008_AD009_a_IB021_IB043.png
C0062|P0020,R01_Tick.png
C0062|P0021,R01_Tick.png
C0062|P0022,R01_Tick.png
C0062|P0023,R01_0.png
C0062|P0024,R01_Tick.png
C0062|P0025,R01_Tick.png
C0062|P0026,R01_Tick.png
C0062|P0027,R01_Tick.png
C0062|P0028,R01_Tick.png
C0062|P0029,R02_AD001.png
C0062|P0030,R02_Tick.png
C0062|P0031,R02_0.png
C0062|P0032,R02_Tick.png
C0062|P0033,R02_0.png
C0062|P0034,R02_IB037.png
C0062|P0036,R02_Tick.png
C0062|P0037,R02_Tick.png
C0062|P0039,R02_IB023.png
C0062|P0040,R02_Tick.png
C0062|P0041,R02_0.png
C0062|P0042,R02_Tick.png
C0062|P0043,R02_Tick.png
C0062|P0044,R02_Tick.png
C0062|P0045,R02_0.png
C0062|P0046,R02_IB038.png
C0062|P0047,R02_IB005_IB028.png
C0062|P0048,R02_Tick.png
C0062|P0049,R02_Tick.png
C0062|P0050,R02_Tick.png
C0062|P0052,R02_Tick.png
C0062|P0053,R02_Tick.png
C0062|P0054,R02_Tick.png
C0062|P0055,R02_0.png
C0062|P0056,R02_Tick.png
C0062|P0057,R02_Tick.png
C0062|P0058,R02_0.png
C0062|P0059,R02_Tick.png
C0062|P0060,R02_Tick.png
C0062|P0061,R02_Tick.png
C0062|P0063,R02_Tick.png
C0062|P0064,R02_Tick.png
C0062|P0065,R02_Tick.png
C0062|P0066,R02_Tick.png
C0062|P0067,R02_IB012_IB027_IB057.png
C0062|P0068,R02_Tick.png
C0062|P0069,R02_Tick.png
C0062|P0070,R02_IB016.png
C0062|P0071,R02_0.png
C0062|P0072,R02_Tick.png
C0062|P0074,R02_IB022.png
C0062|P0075,R02_Tick.png
C0062|P0076,R03_Second_IB039_IB040_IB052_IB053_IB054.png
C0062|P0077,R03_IB003.png
C0062|P0078,R03_Tick.png
C0062|P0079,R03_Tick.png
C0062|P0080,R03_Tick.png
C0062|P0082,R03_Tick.png
C0062|P0083,R03_Tick.png
C0062|P0084,R03_Tick.png
C0062|P0085,R03_Tick.png
C0062|P0086,R03_IB026_IB063.png
C0062|P0087,R03_Tick.png
C0062|P0088,R03_Tick.png
C0062|P0089,R03_Tick.png
C0062|P0090,R03_Tick.png
C0062|P0091,R03_Tick.png
C0062|P0092,R03_Tick.png
C0062|P0093,R03_Tick.png
C0062|P0094,R03_Tick.png
C0062|P0095,R03_0.png
C0062|P0096,R03_Tick.png
C0062|P0097,R03_Tick.png
C0062|P0098,R03_Tick.png
C0062|P0099,R03_Tick.png
C0062|P0100,R03_Tick.png
C0062|P0101,R03_Tick.png
C0062|P0102,R03_0.png
C0062|P0103,R03_AD002_AD004.png
C0062|P0104,R03_Tick.png
C0062|P0105,R03_Tick.png
C0062|P0106,R03_Tick.png
C0062|P0107,R03_Tick.png
C0062|P0108,R03_0.png
C0062|P0109,R04_Sixer.png
C0062|P0110,R04_Tick.png
C0062|P0111,R04_Tick.png
C0062|P0112,R04_Tick.png
C0062|P0113,R04_IB008_IB036_IB044_IB047.png
C0062|P0114,R04_Tick.png
C0062|P0115,R04_Tick.png
C0062|P0116,R04_Tick.png
C0062|P0117,R04_0.png
C0062|P0118,R04_0.png
C0062|P0119,R04_0.png
C0062|P0120,R04_IB031_IB059.png
C0062|P0122,R04_Tick.png
C0062|P0123,R04_IB030.png
C0062|P0124,R04_IB013_IB050.png
C0062|P0125,R04_Tick.png
C0062|P0126,R04_Tick.png
C0062|P0127,R04_Tick.png
C0062|P0128,R04_Tick.png
C0062|P0129,R04_Tick.png
C0062|P0130,R04_Tick.png
C0062|P0131,R04_Tick.png
C0062|P0132,R04_0.png
C0062|P0133,R04_0.png
C0062|P0134,R04_0.png
C0062|P0135,R04_AD003_AD005_AD006_AD007.png
C0063|P0020,R01_Tick.png
C0063|P0021,R01_Tick.png
C0063|P0022,R01_0.png
C0063|P0023,R01_0.png
C0063|P0024,R01_Tick.png
C0063|P0025,R01_Tick.png
C0063|P0026,R01_0.png
C0063|P0027,R01_0.png
C0063|P0028,R02_AD001.png
C0063|P0029,R02_Tick.png
C0063|P0030,R02_Tick.png
C0063|P0031,R02_Tick.png
C0063|P0032,R02_Tick.png
C0063|P0033,R02_Tick.png
C0063|P0034,R02_Tick.png
C0063|P0035,R02_Tick.png
C0063|P0036,R02_0.png
C0063|P0037,R02_Tick.png
C0063|P0039,R02_0.png
C0063|P0040,R02_Tick.png
C0064|P0020,R01_Tick.png
C0064|P0021,R01_Tick.png
C0064|P0022,R01_0.png
C0064|P0023,R01_0.png
C0064|P0024,R01_Tick.png
C0064|P0025,R01_0.png
C0064|P0026,R01_Tick.png
C0064|P0027,R01_IB059.png
C0064|P0028,R01_0.png
C0064|P0029,R02_AD001.png
C0064|P0030,R02_Tick.png
C0064|P0031,R02_Tick.png
C0064|P0032,R02_Tick.png
C0064|P0033,R02_IB037.png
C0064|P0034,R02_Tick.png
C0064|P0035,R02_Tick.png
C0064|P0036,R02_0.png
C0064|P0037,R02_Tick.png
C0064|P0038,R02_Tick.png
C0064|P0039,R02_IB015_IB052.png
C0064|P0040,R02_Tick.png
C0064|P0041,R02_Tick.png
C0064|P0042,R02_Tick.png
C0064|P0043,R02_Tick.png
C0064|P0044,R02_0.png
C0064|P0046,R02_IB038.png
C0064|P0047,R02_IB028.png
C0064|P0048,R02_0.png
C0064|P0049,R02_0.png
C0064|P0050,R02_Tick.png
C0064|P0052,R02_Tick.png
C0064|P0053,R02_Tick.png
C0064|P0054,R02_Tick.png
C0064|P0055,R02_0.png
C0064|P0056,R02_Tick.png
C0064|P0057,R02_Tick.png
C0064|P0058,R02_Tick.png
C0064|P0059,R02_Tick.png
C0064|P0060,R02_Tick.png
C0064|P0061,R02_IB025.png
C0064|P0063,R02_Tick.png
C0064|P0064,R02_Tick.png
C0064|P0065,R02_Tick.png
C0064|P0066,R02_Tick.png
C0064|P0067,R02_Tick.png
C0064|P0068,R02_Tick.png
C0064|P0069,R02_Tick.png
C0064|P0070,R02_IB043.png
C0064|P0071,R02_Tick.png
C0064|P0072,R02_Tick.png
C0064|P0074,R02_Tick.png
C0064|P0075,R02_IB021.png
C0064|P0076,R03_Second_IB022_IB024.png
C0064|P0077,R03_IB005.png
C0064|P0078,R03_Tick.png
C0064|P0079,R03_Tick.png
C0064|P0080,R03_Tick.png
C0064|P0082,R03_Tick.png
C0064|P0083,R03_0.png
C0064|P0084,R03_0.png
C0064|P0086,R03_0.png
C0064|P0087,R03_Tick.png
C0064|P0088,R03_Tick.png
C0064|P0089,R03_Tick.png
C0064|P0090,R03_IB009.png
C0064|P0091,R03_Tick.png
C0064|P0092,R03_Tick.png
C0064|P0093,R03_Tick.png
C0064|P0094,R03_IB023.png
C0064|P0095,R03_Tick.png
C0064|P0096,R03_Tick.png
C0064|P0097,R03_Tick.png
C0064|P0098,R03_Tick.png
C0064|P0099,R03_Tick.png
C0064|P0100,R03_Tick.png
C0064|P0101,R03_Tick.png
C0064|P0102,R03_Tick.png
C0064|P0103,R03_AD009.png
C0064|P0104,R03_Tick.png
C0064|P0105,R03_AD002_AD004_AD005.png
C0064|P0106,R03_Tick.png
C0064|P0107,R03_Tick.png
C0064|P0108,R03_AD013.png
C0065|P0021,R01_Tick.png
C0065|P0022,R01_0.png
C0065|P0023,R01_0.png
C0065|P0024,R01_Tick.png
C0065|P0025,R01_Tick.png
C0065|P0026,R01_Tick.png
C0065|P0027,R01_Tick.png
C0065|P0028,R02_AD001.png
C0065|P0029,R02_Tick.png
C0065|P0030,R02_Tick.png
C0065|P0031,R02_Tick.png
C0065|P0032,R02_Tick.png
C0065|P0033,R02_IB037.png
C0065|P0034,R02_Tick.png
C0065|P0035,R02_Tick.png
C0065|P0036,R02_Tick.png
C0065|P0037,R02_Tick.png
C0065|P0038,R02_Tick.png
C0065|P0039,R02_IB015_IB023.png
C0065|P0040,R02_Tick.png
C0065|P0041,R02_Tick.png
C0065|P0042,R02_Tick.png
C0065|P0043,R02_Tick.png
C0065|P0044,R02_0.png
C0065|P0045,R02_Tick.png
C0065|P0046,R02_0.png
C0065|P0047,R02_IB007_IB028_IB038_IB057.png
C0065|P0048,R02_Tick.png
C0065|P0049,R02_Tick.png
C0065|P0050,R02_IB022.png
C0065|P0051,R02_Tick.png
C0065|P0052,R02_IB020_IB044.png
C0065|P0053,R02_Tick.png
C0065|P0054,R02_Tick.png
C0065|P0055,R02_Tick.png
C0065|P0056,R02_IB054.png
C0065|P0057,R02_Tick.png
C0065|P0058,R02_Tick.png
C0065|P0059,R02_Tick.png
C0065|P0060,R02_Tick.png
C0065|P0061,R02_IB052.png
C0065|P0063,R02_Tick.png
C0065|P0064,R02_Tick.png
C0065|P0065,R02_Tick.png
C0065|P0066,R02_Tick.png
C0065|P0067,R02_Tick.png
C0065|P0068,R02_Tick.png
C0065|P0069,R02_Tick.png
C0065|P0070,R02_IB016.png
C0065|P0071,R02_Tick.png
C0065|P0072,R02_Tick.png
C0065|P0073,R02_Tick.png
C0065|P0074,R02_IB047.png
C0066|P0033,R01_Tick.png
C0066|P0034,R01_Tick.png
C0066|P0036,R01_Tick.png
C0066|P0037,R01_Tick.png
C0066|P0039,R01_Tick.png
C0066|P0040,R01_Tick.png
C0066|P0041,R01_0.png
C0066|P0042,R01_IB023.png
C0066|P0043,R01_Tick.png
C0066|P0044,R02_AD001.png
C0066|P0046,R02_Tick.png
C0066|P0047,R02_IB028.png
C0066|P0048,R02_Tick.png
C0066|P0049,R02_Tick.png
C0066|P0050,R02_0.png
C0066|P0052,R02_Tick.png
C0066|P0053,R02_Tick.png
C0066|P0054,R02_Tick.png
C0066|P0055,R02_Tick.png
C0066|P0056,R02_IB054.png
C0066|P0057,R02_0.png
C0066|P0058,R02_Tick.png
C0066|P0059,R02_0.png
C0066|P0060,R02_Tick.png
C0066|P0061,R02_Tick.png
C0066|P0063,R02_0.png
C0066|P0064,R02_0.png
C0066|P0065,R02_0.png
C0066|P0066,R02_Tick.png
C0066|P0067,R02_Tick.png
C0066|P0068,R02_Tick.png
C0066|P0069,R02_Tick.png
C0066|P0070,R02_IB016.png
C0066|P0071,R02_0.png
C0066|P0072,R02_Tick.png
C0066|P0074,R02_Tick.png
C0066|P0075,R02_Tick.png
C0066|P0076,R02_Tick.png
C0066|P0077,R02_Tick.png
C0066|P0078,R02_Tick.png
C0066|P0079,R02_Tick.png
C0066|P0080,R02_Tick.png
C0066|P0082,R02_0.png
C0066|P0083,R02_Tick.png
C0066|P0084,R02_IB057.png
C0066|P0086,R02_0.png
C0066|P0087,R02_Tick.png
C0066|P0088,R02_Tick.png
C0066|P0089,R02_Tick.png
C0066|P0090,R02_Tick.png
C0066|P0091,R02_Tick.png
C0066|P0092,R02_Tick.png
C0066|P0093,R02_Tick.png
C0066|P0094,R02_IB038.png
C0066|P0095,R02_Tick.png
C0066|P0096,R02_Tick.png
C0066|P0097,R02_Tick.png
C0066|P0098,R02_0.png
C0066|P0099,R02_Tick.png
C0066|P0100,R02_Tick.png
C0066|P0101,R02_0.png
C0066|P0102,R02_0.png
C0066|P0103,R02_AD004.png
C0066|P0104,R02_0.png
C0066|P0105,R02_Tick.png
C0066|P0106,R02_Tick.png
C0066|P0107,R02_Tick.png
C0066|P0108,R02_Tick.png
C0066|P0109,R03_Second.png
C0066|P0110,R03_Tick.png
C0066|P0111,R03_Tick.png
C0066|P0112,R03_Tick.png
C0066|P0113,R03_Tick.png
C0066|P0114,R03_Tick.png
C0066|P0115,R03_Tick.png
C0066|P0116,R03_0.png
C0066|P0117,R03_Tick.png
C0066|P0118,R03_Tick.png
C0066|P0119,R03_Tick.png
C0066|P0120,R03_Tick.png
C0066|P0121,R03_Tick.png
C0066|P0122,R03_0.png
C0066|P0123,R03_IB021.png
C0066|P0124,R03_Tick.png
C0066|P0125,R03_Tick.png
C0066|P0126,R03_Tick.png
C0066|P0127,R03_Tick.png
C0066|P0128,R03_Tick.png
C0066|P0129,R03_Tick.png
C0066|P0130,R03_Tick.png
C0066|P0131,R03_Tick.png
C0066|P0132,R03_Tick.png
C0066|P0133,R03_Tick.png
C0066|P0134,R03_0.png
C0066|P0135,R03_IB005.png
C0066|P0136,R03_Tick.png
C0066|P0137,R03_0.png
C0066|P0138,R03_0.png
C0066|P0139,R03_AD007_AD008.png
C0066|P0140,R03_Tick.png
C0066|P0141,R03_AD002_AD003_a_IB024_IB043_IB048.png
C0067|P0037,R01_Tick.png
C0067|P0039,R01_Tick.png
C0067|P0040,R01_Tick.png
C0067|P0041,R01_Tick.png
C0067|P0042,R01_IB023.png
C0067|P0043,R01_Tick.png
C0067|P0044,R01_Tick.png
C0067|P0046,R01_Tick.png
C0067|P0047,R01_Tick.png
C0067|P0048,R01_Tick.png
C0067|P0049,R01_Tick.png
C0067|P0050,R01_Tick.png
C0067|P0052,R01_Tick.png
C0067|P0053,R02_AD001.png
C0067|P0054,R02_Tick.png
C0067|P0055,R02_Tick.png
C0067|P0056,R02_0.png
C0067|P0057,R02_IB054.png
C0067|P0058,R02_Tick.png
C0067|P0059,R02_Tick.png
C0067|P0060,R02_0.png
C0067|P0061,R02_Tick.png
C0067|P0063,R02_Tick.png
C0067|P0064,R02_Tick.png
C0067|P0065,R02_Tick.png
C0067|P0066,R02_Tick.png
C0067|P0067,R02_Tick.png
C0067|P0068,R02_Tick.png
C0067|P0069,R02_Tick.png
C0067|P0070,R02_IB016.png
C0067|P0071,R02_Tick.png
C0067|P0072,R02_IB059.png
C0067|P0073,R02_Tick.png
C0067|P0074,R02_Tick.png
C0067|P0075,R02_0.png
C0067|P0076,R02_IB015.png
C0067|P0077,R02_Tick.png
C0067|P0078,R02_Tick.png
C0067|P0079,R02_Tick.png
C0067|P0080,R02_Tick.png
C0067|P0082,R02_Tick.png
C0067|P0083,R02_0.png
C0067|P0084,R02_IB057.png
C0067|P0085,R02_Tick.png
C0067|P0086,R02_Tick.png
C0067|P0087,R02_0.png
C0067|P0088,R02_0.png
C0067|P0089,R02_Tick.png
C0067|P0090,R02_0.png
C0067|P0091,R02_Tick.png
C0067|P0092,R02_Tick.png
C0067|P0093,R02_Tick.png
C0067|P0094,R02_IB038.png
C0067|P0095,R02_0.png
C0067|P0096,R02_Tick.png
C0067|P0097,R02_Tick.png
C0067|P0098,R02_Tick.png
C0067|P0099,R02_0.png
C0067|P0100,R02_Tick.png
C0067|P0101,R02_0.png
C0067|P0102,R02_0.png
C0067|P0103,R02_0.png
C0067|P0104,R02_Tick.png
C0067|P0105,R02_0.png
C0067|P0106,R02_0.png
C0067|P0107,R02_Tick.png
C0067|P0108,R02_Tick.png
C0067|P0109,R03_Second.png
C0067|P0110,R03_0.png
C0067|P0111,R03_Tick.png
C0067|P0112,R03_Tick.png
C0067|P0113,R03_0.png
C0067|P0114,R03_Tick.png
C0067|P0115,R03_0.png
C0067|P0116,R03_Tick.png
C0067|P0117,R03_0.png
C0067|P0118,R03_0.png
C0067|P0119,R03_0.png
C0067|P0120,R03_0.png
C0067|P0122,R03_Tick.png
C0067|P0123,R03_Tick.png
C0067|P0124,R03_Tick.png
C0067|P0125,R03_0.png
C0067|P0126,R03_Tick.png
C0067|P0127,R03_Tick.png
C0067|P0128,R03_Tick.png
C0067|P0129,R03_Tick.png
C0067|P0130,R03_Tick.png
C0068|P0037,R01_Tick.png
C0068|P0039,R01_Tick.png
C0068|P0040,R01_Tick.png
C0068|P0041,R01_Tick.png
C0068|P0042,R01_Tick.png
C0068|P0043,R01_Tick.png
C0068|P0044,R01_0.png
C0068|P0046,R01_Tick.png
C0068|P0047,R01_0.png
C0068|P0048,R01_Tick.png
C0068|P0049,R01_Tick.png
C0068|P0050,R01_Tick.png
C0069|P0040,R01_Tick.png
C0069|P0041,R01_Tick.png
C0069|P0042,R01_Tick.png
C0069|P0043,R01_Tick.png
C0069|P0044,R01_0.png
C0069|P0045,R01_Tick.png
C0069|P0046,R01_Tick.png
C0069|P0047,R01_Tick.png
C0069|P0048,R01_Tick.png
C0069|P0049,R01_Tick.png
C0069|P0050,R01_Tick.png
C0069|P0052,R01_Tick.png
C0069|P0053,R01_Tick.png
C0069|P0054,R01_Tick.png
C0069|P0055,R01_0.png
C0069|P0056,R02_AD001.png
C0069|P0057,R02_0.png
C0069|P0058,R02_Tick.png
C0069|P0059,R02_Tick.png
C0069|P0060,R02_Tick.png
C0069|P0061,R02_Tick.png
C0069|P0063,R02_Tick.png
C0069|P0064,R02_0.png
C0069|P0065,R02_Tick.png
C0069|P0066,R02_Tick.png
C0069|P0067,R02_IB022.png
C0069|P0068,R02_0.png
C0069|P0069,R02_0.png
C0069|P0070,R02_Tick.png
C0069|P0071,R02_Tick.png
C0069|P0072,R02_IB059.png
C0069|P0074,R02_Tick.png
C0069|P0075,R02_Tick.png
C0069|P0076,R02_Tick.png
C0069|P0077,R02_Tick.png
C0069|P0078,R02_0.png
C0069|P0079,R02_Tick.png
C0069|P0080,R02_Tick.png
C0069|P0082,R02_Tick.png
C0069|P0083,R02_0.png
C0069|P0084,R02_IB057.png
C0069|P0086,R02_0.png
C0069|P0087,R02_Tick.png
C0069|P0088,R02_Tick.png
C0069|P0089,R02_Tick.png
C0069|P0090,R02_Tick.png
C0069|P0091,R02_0.png
C0069|P0092,R02_0.png
C0069|P0093,R02_0.png
C0069|P0094,R02_0.png
C0069|P0095,R02_0.png
C0069|P0096,R02_Tick.png
C0069|P0097,R02_0.png
C0069|P0098,R02_0.png
C0069|P0099,R02_Tick.png
C0069|P0100,R02_0.png
C0069|P0101,R02_0.png
C0069|P0102,R02_0.png
C0069|P0103,R02_Tick.png
C0069|P0104,R02_0.png
C0069|P0105,R02_Tick.png
C0070|P0042,R01_Tick.png
C0070|P0043,R01_Tick.png
C0070|P0044,R01_Tick.png
C0070|P0045,R01_Tick.png
C0070|P0046,R01_Tick.png
C0070|P0047,R01_0.png
C0070|P0048,R01_0.png
C0070|P0049,R01_0.png
C0070|P0050,R01_0.png
C0070|P0052,R01_0.png
C0070|P0053,R01_Tick.png
C0070|P0054,R01_Tick.png
C0071|P0042,R01_Tick.png
C0071|P0043,R01_Tick.png
C0071|P0044,R01_Tick.png
C0071|P0045,R01_Tick.png
C0071|P0046,R01_Tick.png
C0071|P0047,R01_Tick.png
C0071|P0048,R01_0.png
C0071|P0049,R01_0.png
C0071|P0050,R01_Tick.png
C0071|P0051,R01_Tick.png
C0072|P0043,R01_Tick.png
C0072|P0044,R01_Tick.png
C0072|P0046,R01_Tick.png
C0072|P0047,R01_Tick.png
C0072|P0048,R01_Tick.png
C0072|P0049,R01_Tick.png
C0072|P0050,R02_AD001.png
C0072|P0052,R02_Tick.png
C0072|P0053,R02_Tick.png
C0072|P0054,R02_Tick.png
C0072|P0055,R02_Tick.png
C0072|P0056,R02_IB054.png
C0072|P0057,R02_Tick.png
C0072|P0058,R02_Tick.png
C0072|P0059,R02_Tick.png
C0072|P0060,R02_Tick.png
C0073|P0046,R01_Tick.png
C0073|P0047,R01_Tick.png
C0074|P0053,R01_Tick.png
C0074|P0054,R01_Tick.png
C0074|P0055,R01_0.png
C0074|P0056,R01_Tick.png
C0074|P0057,R01_Tick.png
C0074|P0058,R01_0.png
C0074|P0059,R01_Tick.png
C0074|P0060,R01_Tick.png
C0074|P0061,R01_Tick.png
C0074|P0063,R01_0.png
C0074|P0064,R01_0.png
C0074|P0065,R01_Tick.png
C0074|P0066,R01_Tick.png
C0074|P0067,R01_Tick.png
C0074|P0068,R01_0.png
C0074|P0069,R01_0.png
C0074|P0070,R02_AD001.png
C0074|P0071,R02_0.png
C0074|P0072,R02_Tick.png
C0074|P0074,R02_Tick.png
C0074|P0075,R02_0.png
C0074|P0076,R02_Tick.png
C0074|P0077,R02_Tick.png
C0074|P0078,R02_Tick.png
C0074|P0079,R02_Tick.png
C0074|P0080,R02_Tick.png
C0074|P0082,R02_Tick.png
C0074|P0083,R02_Tick.png
C0074|P0084,R02_0.png
C0074|P0086,R02_0.png
C0074|P0087,R02_0.png
C0074|P0088,R02_Tick.png
C0074|P0089,R02_Tick.png
C0074|P0090,R02_Tick.png
C0074|P0091,R02_Tick.png
C0074|P0092,R02_Tick.png
C0074|P0093,R02_Tick.png
C0074|P0094,R02_0.png
C0074|P0095,R02_0.png
C0074|P0096,R02_0.png
C0074|P0097,R02_0.png
C0074|P0098,R02_0.png
C0074|P0099,R02_0.png
C0074|P0100,R02_IB023.png
C0074|P0101,R02_0.png
C0074|P0102,R02_0.png
C0074|P0103,R02_0.png
C0074|P0104,R02_0.png
C0074|P0105,R02_Tick.png
C0074|P0106,R02_0.png
C0074|P0107,R02_0.png
C0074|P0108,R02_0.png
C0074|P0109,R02_0.png
C0074|P0110,R02_0.png
C0074|P0111,R02_0.png
C0074|P0113,R02_0.png
C0074|P0114,R02_Tick.png
C0074|P0115,R02_Tick.png
C0075|P0063,R01_Tick.png
C0075|P0064,R01_Tick.png
C0075|P0065,R01_Tick.png
C0075|P0066,R01_Tick.png
C0075|P0067,R01_Tick.png
C0075|P0068,R01_Tick.png
C0075|P0069,R01_Tick.png
C0075|P0070,R01_0.png
C0075|P0071,R01_0.png
C0075|P0072,R01_Tick.png
C0075|P0073,R01_Tick.png
C0075|P0074,R02_AD001.png
C0075|P0075,R02_IB015.png
C0075|P0076,R02_0.png
C0075|P0077,R02_IB016.png
C0075|P0078,R02_Tick.png
C0075|P0079,R02_Tick.png
C0075|P0080,R02_Tick.png
C0075|P0082,R02_Tick.png
C0075|P0083,R02_Tick.png
C0075|P0084,R02_IB057.png
C0075|P0086,R02_Tick.png
C0075|P0087,R02_Tick.png
C0075|P0088,R02_Tick.png
C0075|P0089,R02_Tick.png
C0075|P0090,R02_Tick.png
C0075|P0091,R02_Tick.png
C0075|P0092,R02_Tick.png
C0075|P0093,R02_Tick.png
C0075|P0094,R02_0.png
C0075|P0095,R02_0.png
C0075|P0096,R02_IB023_IB038.png
C0075|P0097,R02_0.png
C0075|P0098,R02_0.png
C0075|P0099,R02_Tick.png
C0075|P0100,R02_Tick.png
C0075|P0101,R02_Tick.png
C0075|P0102,R02_0.png
C0075|P0103,R02_0.png
C0075|P0104,R02_Tick.png
C0075|P0105,R02_Tick.png
C0075|P0106,R02_0.png
C0075|P0107,R02_Tick.png
C0076|P0063,R01_Tick.png
C0076|P0064,R01_Tick.png
C0076|P0065,R01_Tick.png
C0076|P0066,R01_Tick.png
C0076|P0067,R01_Tick.png
C0076|P0068,R01_Tick.png
C0076|P0069,R01_Tick.png
C0076|P0070,R01_0.png
C0076|P0071,R01_0.png
C0076|P0072,R01_Tick.png
C0076|P0073,R01_Tick.png
C0076|P0074,R02_AD001.png
C0076|P0075,R02_IB015_IB021.png
C0076|P0076,R02_0.png
C0076|P0077,R02_IB016.png
C0076|P0078,R02_Tick.png
C0076|P0079,R02_Tick.png
C0076|P0080,R02_Tick.png
C0076|P0082,R02_Tick.png
C0076|P0083,R02_Tick.png
C0076|P0084,R02_IB057.png
C0076|P0086,R02_Tick.png
C0076|P0087,R02_Tick.png
C0076|P0088,R02_Tick.png
C0076|P0089,R02_Tick.png
C0076|P0090,R02_Tick.png
C0076|P0091,R02_Tick.png
C0076|P0092,R02_Tick.png
C0076|P0093,R02_Tick.png
C0076|P0094,R02_0.png
C0076|P0095,R02_0.png
C0076|P0096,R02_IB023_IB038.png
C0076|P0097,R02_0.png
C0076|P0098,R02_Tick.png
C0076|P0099,R02_Tick.png
C0076|P0100,R02_Tick.png
C0076|P0101,R02_Tick.png
C0076|P0102,R02_0.png
C0076|P0103,R02_0.png
C0076|P0104,R02_Tick.png
C0076|P0105,R02_Tick.png
C0076|P0106,R02_0.png
C0076|P0107,R02_Tick.png
C0077|P0066,R01_Tick.png
C0077|P0067,R01_0.png
C0077|P0068,R01_Tick.png
C0077|P0069,R01_Tick.png
C0077|P0070,R02_AD001.png
C0077|P0071,R02_Tick.png
C0077|P0072,R02_Tick.png
C0077|P0074,R02_Tick.png
C0077|P0075,R02_Tick.png
C0077|P0076,R02_Tick.png
C0077|P0077,R02_0.png
C0077|P0078,R02_0.png
C0077|P0079,R02_Tick.png
C0077|P0080,R02_Tick.png
C0077|P0082,R02_Tick.png
C0077|P0083,R02_Tick.png
C0077|P0084,R02_Tick.png
C0077|P0086,R02_0.png
C0077|P0087,R02_0.png
C0077|P0088,R02_Tick.png
C0077|P0089,R02_Tick.png
C0077|P0090,R02_Tick.png
C0077|P0091,R02_Tick.png
C0077|P0092,R02_Tick.png
C0077|P0093,R02_Tick.png
C0077|P0094,R02_IB023.png
C0077|P0095,R02_0.png
C0077|P0096,R02_Tick.png
C0077|P0097,R02_Tick.png
C0077|P0098,R02_0.png
C0077|P0099,R02_Tick.png
C0077|P0100,R02_Tick.png
C0077|P0101,R02_Tick.png
C0077|P0102,R02_0.png
C0077|P0103,R02_Tick.png
C0077|P0104,R02_Tick.png
C0077|P0105,R02_Tick.png
C0077|P0106,R02_Tick.png
C0077|P0107,R02_Tick.png
C0077|P0108,R02_0.png
C0077|P0109,R02_Tick.png
C0077|P0110,R02_Tick.png
C0077|P0111,R02_Tick.png
C0077|P0113,R02_IB031.png
C0077|P0114,R02_Tick.png
C0077|P0115,R02_Tick.png
C0077|P0116,R02_Tick.png
C0077|P0117,R02_Tick.png
C0077|P0118,R02_Tick.png
C0077|P0119,R02_Tick.png
C0077|P0120,R02_0.png
C0077|P0122,R02_IB008_IB059.png
C0077|P0123,R02_Tick.png
C0077|P0124,R02_IB038.png
C0077|P0125,R02_IB052.png
C0077|P0126,R02_Tick.png
C0077|P0127,R02_Tick.png
C0077|P0128,R02_Tick.png
C0077|P0129,R02_Tick.png
C0077|P0130,R02_Tick.png
C0077|P0131,R02_Tick.png
C0077|P0132,R02_Tick.png
C0077|P0133,R02_Tick.png
C0077|P0134,R02_IB005.png
C0077|P0135,R02_Tick.png
C0077|P0136,R02_IB001.png
C0077|P0137,R02_Tick.png
C0077|P0138,R02_Tick.png
C0077|P0139,R02_Tick.png
C0077|P0140,R02_Tick.png
C0077|P0141,R02_Tick.png
C0077|P0142,R02_Tick.png
C0077|P0143,R02_Tick.png
C0077|P0144,R02_Tick.png
C0077|P0145,R02_Tick.png
C0077|P0146,R02_Tick.png
C0077|P0147,R02_Tick.png
C0077|P0148,R02_AD002_AD003_AD004_AD005_AD006.png
C0077|P0149,R02_Tick.png
C0077|P0150,R03_Second_IB053.png
C0077|P0151,R03_Tick.png
C0077|P0153,R03_Tick.png
C0077|P0154,R03_Tick.png
C0077|P0155,R03_Tick.png
C0077|P0156,R03_Tick.png
C0077|P0157,R03_Tick.png
C0077|P0158,R03_Tick.png
C0077|P0159,R03_Tick.png
C0077|P0160,R03_IB003.png
C0077|P0161,R03_Tick.png
C0077|P0162,R03_Tick.png
C0077|P0163,R03_Tick.png
C0077|P0164,R03_Tick.png
C0077|P0165,R03_Tick.png
C0077|P0166,R03_Tick.png
C0077|P0167,R03_0.png
C0077|P0168,R03_Tick.png
C0077|P0169,R03_IB004.png
C0077|P0170,R04_Sixer_IB061.png
C0077|P0171,R04_Tick.png
C0077|P0172,R04_0.png
C0077|P0173,R04_Tick.png
C0077|P0174,R04_Tick.png
C0077|P0175,R04_Tick.png
C0077|P0176,R04_Tick.png
C0077|P0177,R04_Tick.png
C0077|P0178,R04_Tick.png
C0077|P0179,R04_Tick.png
C0077|P0180,R04_Tick.png
C0077|P0181,R04_Tick.png
C0077|P0182,R04_Tick.png
C0077|P0183,R04_Tick.png
C0077|P0184,R04_Tick.png
C0077|P0185,R04_Tick.png
C0077|P0186,R04_Tick.png
C0077|P0187,R04_IB012_IB024.png
C0077|P0188,R04_Tick.png
C0077|P0189,R04_Tick.png
C0077|P0190,R04_Tick.png
C0077|P0191,R04_Tick.png
C0077|P0192,R04_Tick.png
C0077|P0193,R04_Tick.png
C0077|P0194,R04_IB057.png
C0077|P0195,R04_Tick.png
C0077|P0196,R04_AD009_IB021.png
C0077|P0197,R04_Tick.png
C0077|P0198,R04_Tick.png
C0077|P0199,R04_Tick.png
C0077|P0200,R04_Tick.png
C0077|P0201,R04_Tick.png
C0077|P0202,R04_Tick.png
C0077|P0203,R04_IB028.png
C0077|P0204,R04_IB013_IB015.png
C0077|P0205,R04_Tick.png
C0077|P0207,R04_IB063.png
C0077|P0208,R04_Tick.png
C0077|P0209,R04_Tick.png
C0077|P0210,R04_0.png
C0077|P0211,R04_IB040.png
C0077|P0212,R04_Tick.png
C0077|P0213,R04_AD007_AD008_AD010_AD011.png
C0077|P0214,R04_AD012_AD013_IB029.png
C0078|P0070,R01_Tick.png
C0078|P0071,R01_0.png
C0078|P0072,R01_0.png
C0078|P0074,R01_Tick.png
C0078|P0075,R01_Tick.png
C0078|P0076,R01_Tick.png
C0078|P0077,R01_Tick.png
C0078|P0078,R01_0.png
C0078|P0079,R01_Tick.png
C0078|P0080,R01_0.png
C0078|P0082,R01_Tick.png
C0078|P0083,R01_0.png
C0078|P0084,R01_0.png
C0078|P0086,R01_0.png
C0078|P0087,R01_Tick.png
C0078|P0088,R01_Tick.png
C0078|P0089,R01_Tick.png
C0078|P0090,R02_AD001.png
C0078|P0091,R02_Tick.png
C0078|P0092,R02_Tick.png
C0078|P0093,R02_Tick.png
C0078|P0094,R02_0.png
C0078|P0095,R02_Tick.png
C0078|P0096,R02_IB023_IB038.png
C0078|P0097,R02_Tick.png
C0078|P0098,R02_0.png
C0078|P0099,R02_0.png
C0078|P0100,R02_Tick.png
C0078|P0101,R02_0.png
C0078|P0102,R02_0.png
C0078|P0103,R02_Tick.png
C0078|P0104,R02_Tick.png
C0078|P0105,R02_Tick.png
C0078|P0106,R02_Tick.png
C0078|P0107,R02_0.png
C0078|P0108,R02_Tick.png
C0078|P0109,R02_Tick.png
C0078|P0110,R02_Tick.png
C0078|P0111,R02_Tick.png
C0078|P0113,R02_Tick.png
C0078|P0114,R02_Tick.png
C0078|P0115,R02_Tick.png
C0078|P0116,R02_0.png
C0078|P0117,R02_Tick.png
C0078|P0118,R02_0.png
C0078|P0119,R02_0.png
C0078|P0120,R02_0.png
C0078|P0122,R02_Tick.png
C0078|P0123,R02_0.png
C0078|P0124,R02_Tick.png
C0078|P0125,R02_0.png
C0078|P0126,R02_Tick.png
C0078|P0127,R02_Tick.png
C0078|P0128,R02_0.png
C0078|P0129,R02_0.png
C0078|P0130,R02_Tick.png
C0078|P0131,R02_Tick.png
C0078|P0132,R02_IB003_IB052_IB053.png
C0078|P0133,R02_Tick.png
C0078|P0134,R02_IB005.png
C0078|P0135,R02_0.png
C0078|P0136,R02_0.png
C0078|P0137,R02_Tick.png
C0078|P0138,R02_Tick.png
C0078|P0139,R02_0.png
C0078|P0140,R02_0.png
C0078|P0141,R02_Tick.png
C0078|P0142,R02_0.png
C0078|P0143,R02_0.png
C0078|P0144,R02_0.png
C0078|P0145,R02_0.png
C0078|P0146,R02_Tick.png
C0078|P0147,R02_Tick.png
C0078|P0148,R02_0.png
C0078|P0149,R02_Tick.png
C0079|P0070,R01_Tick.png
C0079|P0071,R01_0.png
C0079|P0072,R01_0.png
C0079|P0074,R01_Tick.png
C0079|P0075,R01_Tick.png
C0079|P0076,R01_Tick.png
C0079|P0077,R01_Tick.png
C0079|P0078,R01_0.png
C0079|P0079,R01_Tick.png
C0079|P0080,R01_0.png
C0079|P0082,R01_Tick.png
C0079|P0083,R01_0.png
C0079|P0084,R01_0.png
C0079|P0086,R01_0.png
C0079|P0087,R01_Tick.png
C0079|P0088,R01_Tick.png
C0079|P0089,R01_Tick.png
C0079|P0090,R02_AD001.png
C0079|P0091,R02_Tick.png
C0079|P0092,R02_Tick.png
C0079|P0093,R02_Tick.png
C0079|P0094,R02_0.png
C0079|P0095,R02_Tick.png
C0079|P0096,R02_IB023_IB038.png
C0079|P0097,R02_Tick.png
C0079|P0098,R02_0.png
C0079|P0099,R02_0.png
C0079|P0100,R02_Tick.png
C0079|P0101,R02_0.png
C0079|P0102,R02_0.png
C0079|P0103,R02_Tick.png
C0079|P0104,R02_Tick.png
C0079|P0105,R02_Tick.png
C0079|P0106,R02_Tick.png
C0079|P0107,R02_0.png
C0079|P0108,R02_Tick.png
C0079|P0109,R02_Tick.png
C0079|P0110,R02_Tick.png
C0079|P0111,R02_Tick.png
C0079|P0113,R02_Tick.png
C0079|P0114,R02_Tick.png
C0079|P0115,R02_Tick.png
C0079|P0116,R02_0.png
C0079|P0117,R02_Tick.png
C0079|P0118,R02_0.png
C0079|P0119,R02_0.png
C0079|P0120,R02_0.png
C0079|P0121,R02_Tick.png
C0079|P0122,R02_IB021.png
C0079|P0123,R02_0.png
C0079|P0124,R02_Tick.png
C0079|P0125,R02_0.png
C0079|P0126,R02_Tick.png
C0079|P0127,R02_Tick.png
C0079|P0128,R02_0.png
C0079|P0129,R02_0.png
C0079|P0130,R02_Tick.png
C0079|P0131,R02_Tick.png
C0079|P0132,R02_IB007_IB052.png
C0079|P0133,R02_Tick.png
C0079|P0134,R02_IB005.png
C0079|P0135,R02_0.png
C0079|P0136,R02_0.png
C0079|P0137,R02_Tick.png
C0079|P0138,R02_Tick.png
C0079|P0139,R02_0.png
C0079|P0140,R02_0.png
C0079|P0141,R02_Tick.png
C0079|P0142,R02_0.png
C0079|P0143,R02_0.png
C0079|P0144,R02_0.png
C0079|P0145,R02_0.png
C0079|P0146,R02_Tick.png
C0079|P0147,R02_Tick.png
C0079|P0148,R02_Tick.png
C0079|P0149,R02_Tick.png
C0080|P0070,R01_Tick.png
C0080|P0071,R01_0.png
C0080|P0072,R01_Tick.png
C0080|P0074,R01_Tick.png
C0080|P0075,R01_Tick.png
C0080|P0076,R01_Tick.png
C0080|P0077,R01_Tick.png
C0080|P0078,R01_0.png
C0080|P0079,R01_Tick.png
C0080|P0080,R02_AD001.png
C0080|P0082,R02_Tick.png
C0080|P0083,R02_Tick.png
C0080|P0084,R02_IB057.png
C0080|P0086,R02_Tick.png
C0080|P0087,R02_Tick.png
C0080|P0088,R02_0.png
C0080|P0089,R02_0.png
C0080|P0090,R02_Tick.png
C0080|P0091,R02_Tick.png
C0080|P0092,R02_Tick.png
C0080|P0093,R02_Tick.png
C0080|P0094,R02_IB023_IB038.png
C0080|P0095,R02_Tick.png
C0080|P0096,R02_Tick.png
C0080|P0097,R02_Tick.png
C0080|P0098,R02_0.png
C0080|P0099,R02_Tick.png
C0080|P0100,R02_Tick.png
C0080|P0101,R02_Tick.png
C0080|P0102,R02_0.png
C0080|P0103,R02_0.png
C0080|P0104,R02_0.png
C0080|P0105,R02_Tick.png
C0080|P0106,R02_Tick.png
C0080|P0107,R02_Tick.png
C0081|P0072,R01_Tick.png
C0081|P0074,R01_Tick.png
C0081|P0075,R01_Tick.png
C0081|P0076,R01_Tick.png
C0081|P0077,R01_Tick.png
C0081|P0078,R01_0.png
C0081|P0079,R01_Tick.png
C0081|P0080,R01_Tick.png
C0081|P0082,R02_AD001.png
C0081|P0083,R02_Tick.png
C0081|P0084,R02_IB057.png
C0081|P0086,R02_0.png
C0081|P0087,R02_Tick.png
C0081|P0088,R02_Tick.png
C0081|P0089,R02_Tick.png
C0081|P0090,R02_Tick.png
C0081|P0091,R02_Tick.png
C0081|P0092,R02_Tick.png
C0081|P0093,R02_Tick.png
C0081|P0094,R02_IB023_IB038.png
C0081|P0095,R02_Tick.png
C0081|P0096,R02_0.png
C0081|P0097,R02_Tick.png
C0081|P0098,R02_0.png
C0081|P0099,R02_Tick.png
C0081|P0100,R02_Tick.png
C0081|P0101,R02_Tick.png
C0081|P0102,R02_0.png
C0081|P0103,R02_Tick.png
C0081|P0104,R02_Tick.png
C0081|P0105,R02_Tick.png
C0081|P0106,R02_Tick.png
C0081|P0107,R02_Tick.png
C0081|P0108,R02_0.png
C0081|P0109,R02_Tick.png
C0081|P0110,R02_Tick.png
C0081|P0111,R02_Tick.png
C0081|P0113,R02_Tick.png
C0081|P0114,R02_Tick.png
C0081|P0115,R02_Tick.png
C0081|P0116,R02_Tick.png
C0081|P0117,R02_Tick.png
C0081|P0118,R02_0.png
C0081|P0119,R02_0.png
C0081|P0120,R02_0.png
C0081|P0122,R02_IB059.png
C0081|P0123,R02_Tick.png
C0081|P0124,R02_Tick.png
C0081|P0125,R02_Tick.png
C0081|P0126,R02_Tick.png
C0081|P0127,R02_0.png
C0081|P0128,R02_Tick.png
C0081|P0129,R02_Tick.png
C0081|P0130,R02_Tick.png
C0081|P0131,R02_0.png
C0081|P0132,R02_Tick.png
C0081|P0133,R02_Tick.png
C0081|P0134,R02_IB005.png
C0081|P0135,R02_Tick.png
C0081|P0136,R02_Tick.png
C0081|P0137,R02_Tick.png
C0081|P0138,R02_Tick.png
C0081|P0139,R02_Tick.png
C0081|P0140,R02_Tick.png
C0082|P0075,R01_Tick.png
C0082|P0076,R01_Tick.png
C0082|P0077,R01_Tick.png
C0082|P0078,R01_0.png
C0082|P0079,R01_Tick.png
C0082|P0080,R01_Tick.png
C0082|P0081,R01_0.png
C0082|P0082,R01_0.png
C0082|P0083,R01_Tick.png
C0082|P0084,R01_IB057.png
C0082|P0085,R01_0.png
C0082|P0086,R01_Tick.png
C0082|P0087,R01_Tick.png
C0082|P0088,R01_Tick.png
C0082|P0089,R02_AD001.png
C0082|P0090,R02_0.png
C0082|P0091,R02_Tick.png
C0082|P0092,R02_Tick.png
C0082|P0093,R02_Tick.png
C0082|P0094,R02_IB023.png
C0082|P0095,R02_Tick.png
C0082|P0096,R02_Tick.png
C0082|P0097,R02_Tick.png
C0082|P0098,R02_0.png
C0082|P0099,R02_Tick.png
C0082|P0100,R02_0.png
C0082|P0101,R02_0.png
C0082|P0102,R02_0.png
C0082|P0103,R02_0.png
C0082|P0104,R02_0.png
C0082|P0105,R02_Tick.png
C0082|P0106,R02_0.png
C0082|P0107,R02_Tick.png
C0082|P0108,R02_Tick.png
C0083|P0080,R01_Tick.png
C0083|P0082,R01_Tick.png
C0083|P0083,R01_Tick.png
C0083|P0084,R01_Tick.png
C0084|P0090,R01_Tick.png
C0084|P0091,R01_0.png
C0084|P0092,R01_0.png
C0084|P0093,R01_0.png
C0084|P0094,R01_0.png
C0084|P0095,R01_Tick.png
C0084|P0096,R01_Tick.png
C0084|P0097,R01_Tick.png
C0084|P0098,R01_0.png
C0084|P0099,R01_Tick.png
C0084|P0100,R01_Tick.png
C0084|P0101,R01_0.png
C0084|P0102,R01_Tick.png
C0084|P0103,R01_Tick.png
C0084|P0104,R01_Tick.png
C0084|P0105,R02_AD001.png
C0084|P0106,R02_Tick.png
C0084|P0107,R02_0.png
C0084|P0108,R02_Tick.png
C0084|P0109,R02_0.png
C0084|P0110,R02_Tick.png
C0084|P0111,R02_Tick.png
C0084|P0113,R02_Tick.png
C0084|P0114,R02_0.png
C0084|P0115,R02_0.png
C0084|P0116,R02_Tick.png
C0084|P0117,R02_Tick.png
C0084|P0118,R02_Tick.png
C0084|P0119,R02_Tick.png
C0084|P0120,R02_IB059.png
C0084|P0122,R02_Tick.png
C0084|P0123,R02_Tick.png
C0084|P0124,R02_Tick.png
C0084|P0125,R02_Tick.png
C0084|P0126,R02_Tick.png
C0084|P0127,R02_Tick.png
C0084|P0128,R02_Tick.png
C0084|P0129,R02_Tick.png
C0084|P0130,R02_Tick.png
C0084|P0131,R02_Tick.png
C0084|P0132,R02_0.png
C0084|P0133,R02_Tick.png
C0084|P0134,R02_IB005.png
C0084|P0135,R02_Tick.png
C0084|P0136,R02_Tick.png
C0084|P0137,R02_Tick.png
C0084|P0138,R02_Tick.png
C0084|P0139,R02_Tick.png
C0084|P0140,R02_Tick.png
C0084|P0141,R02_Tick.png
C0084|P0142,R02_Tick.png
C0084|P0143,R02_Tick.png
C0084|P0144,R02_Tick.png
C0084|P0145,R02_Tick.png
C0084|P0146,R02_0.png
C0084|P0147,R02_Tick.png
C0084|P0148,R02_Tick.png
C0084|P0149,R02_Tick.png
C0084|P0150,R04_Sixer.png
C0084|P0151,R04_0.png
C0084|P0153,R04_Tick.png
C0084|P0154,R04_0.png
C0084|P0155,R04_0.png
C0084|P0156,R04_0.png
C0084|P0157,R04_Tick.png
C0084|P0158,R04_0.png
C0084|P0159,R04_Tick.png
C0084|P0160,R04_0.png
C0084|P0161,R04_0.png
C0084|P0162,R04_0.png
C0084|P0163,R04_0.png
C0084|P0164,R04_Tick.png
C0084|P0165,R04_0.png
C0084|P0166,R04_Tick.png
C0084|P0167,R04_Tick.png
C0085|P0099,R01_Tick.png
C0085|P0100,R01_0.png
C0085|P0101,R01_0.png
C0085|P0102,R01_0.png
C0085|P0103,R01_Tick.png
C0085|P0104,R01_Tick.png
C0085|P0105,R01_0.png
C0085|P0106,R01_Tick.png
C0085|P0107,R01_Tick.png
C0085|P0108,R01_Tick.png
C0085|P0115,R01_Tick.png
C0085|P0117,R01_Tick.png
C0085|P0118,R01_0.png
C0085|P0119,R01_0.png
C0085|P0120,R02_AD001.png
C0085|P0122,R02_Tick.png
C0085|P0123,R02_Tick.png
C0085|P0124,R02_Tick.png
C0085|P0125,R02_Tick.png
C0085|P0126,R02_Tick.png
C0085|P0127,R02_Tick.png
C0085|P0128,R02_Tick.png
C0085|P0129,R02_Tick.png
C0085|P0130,R02_Tick.png
C0085|P0131,R02_Tick.png
C0085|P0132,R02_Tick.png
C0085|P0133,R02_0.png
C0085|P0134,R02_Tick.png
C0085|P0135,R02_Tick.png
C0085|P0136,R02_Tick.png
C0085|P0137,R02_0.png
C0085|P0138,R02_Tick.png
C0085|P0139,R02_Tick.png
C0085|P0140,R02_Tick.png
C0085|P0141,R02_Tick.png
C0085|P0142,R02_Tick.png
C0085|P0143,R02_Tick.png
C0085|P0144,R02_Tick.png
C0085|P0145,R02_0.png
C0085|P0146,R02_0.png
C0085|P0147,R02_Tick.png
C0085|P0148,R02_AD002.png
C0085|P0149,R02_Tick.png
C0085|P0150,R02_Tick.png
C0085|P0151,R02_Tick.png
C0085|P0153,R02_Tick.png
C0085|P0154,R02_Tick.png
C0085|P0155,R02_0.png
C0085|P0156,R02_Tick.png
C0085|P0157,R02_Tick.png
C0085|P0158,R02_Tick.png
C0085|P0159,R02_Tick.png
C0085|P0160,R02_IB003.png
C0085|P0161,R02_0.png
C0085|P0162,R02_Tick.png
C0085|P0163,R02_0.png
C0085|P0164,R02_Tick.png
C0085|P0165,R02_0.png
C0085|P0166,R02_Tick.png
C0085|P0167,R02_Tick.png
C0085|P0168,R02_0.png
C0085|P0169,R02_Tick.png
C0085|P0170,R02_Tick.png
C0085|P0171,R02_Tick.png
C0085|P0172,R02_0.png
C0085|P0173,R02_Tick.png
C0085|P0174,R02_Tick.png
C0085|P0175,R02_0.png
C0085|P0176,R02_0.png
C0085|P0177,R02_Tick.png
C0085|P0178,R02_0.png
C0085|P0179,R02_0.png
C0085|P0180,R02_0.png
C0085|P0181,R02_Tick.png
C0085|P0182,R02_0.png
C0085|P0183,R02_Tick.png
C0085|P0184,R02_Tick.png
C0085|P0185,R02_Tick.png
C0085|P0186,R02_0.png
C0085|P0187,R02_AD003_AD004_AD005_AD006_IB012_IB024.png
C0086|P0100,R01_Tick.png
C0086|P0101,R01_0.png
C0086|P0102,R01_0.png
C0086|P0103,R01_Tick.png
C0086|P0104,R01_Tick.png
C0086|P0105,R01_Tick.png
C0086|P0106,R01_IB021.png
C0086|P0107,R01_Tick.png
C0086|P0108,R01_0.png
C0086|P0109,R01_Tick.png
C0086|P0110,R01_Tick.png
C0086|P0111,R01_0.png
C0086|P0113,R01_Tick.png
C0086|P0114,R01_Tick.png
C0086|P0115,R01_Tick.png
C0086|P0116,R01_0.png
C0086|P0117,R01_0.png
C0086|P0118,R01_0.png
C0086|P0119,R01_0.png
C0086|P0120,R01_0.png
C0086|P0122,R02_AD001.png
C0086|P0123,R02_Tick.png
C0086|P0124,R02_Tick.png
C0086|P0125,R02_Tick.png
C0086|P0126,R02_0.png
C0086|P0127,R02_Tick.png
C0086|P0128,R02_Tick.png
C0086|P0129,R02_Tick.png
C0086|P0130,R02_IB012_IB052.png
C0087|P0100,R01_Tick.png
C0087|P0101,R01_0.png
C0087|P0102,R01_0.png
C0087|P0103,R01_Tick.png
C0087|P0104,R01_Tick.png
C0087|P0105,R01_Tick.png
C0087|P0106,R01_Tick.png
C0087|P0107,R01_Tick.png
C0087|P0108,R01_0.png
C0087|P0109,R01_Tick.png
C0087|P0110,R01_Tick.png
C0087|P0111,R01_0.png
C0087|P0113,R01_0.png
C0087|P0114,R01_Tick.png
C0087|P0115,R01_Tick.png
C0087|P0116,R01_0.png
C0087|P0117,R01_0.png
C0087|P0118,R01_0.png
C0087|P0119,R01_0.png
C0087|P0120,R01_0.png
C0087|P0122,R02_AD001.png
C0087|P0123,R02_Tick.png
C0087|P0124,R02_Tick.png
C0087|P0125,R02_Tick.png
C0087|P0126,R02_0.png
C0087|P0127,R02_Tick.png
C0087|P0128,R02_Tick.png
C0087|P0129,R02_Tick.png
C0087|P0130,R02_Tick.png
C0087|P0131,R02_Tick.png
C0087|P0132,R02_Tick.png
C0087|P0133,R02_IB012.png
C0087|P0134,R02_IB005.png
C0087|P0135,R02_Tick.png
C0087|P0136,R02_IB001.png
C0087|P0137,R02_0.png
C0087|P0138,R02_Tick.png
C0087|P0139,R02_Tick.png
C0087|P0140,R02_Tick.png
C0087|P0141,R02_Tick.png
C0087|P0142,R02_IB015.png
C0087|P0143,R02_0.png
C0087|P0144,R02_0.png
C0087|P0145,R02_Tick.png
C0087|P0146,R02_0.png
C0087|P0147,R02_Tick.png
C0087|P0148,R02_Tick.png
C0087|P0149,R02_Tick.png
C0087|P0150,R02_Tick.png
C0087|P0151,R02_0.png
C0087|P0153,R02_Tick.png
C0087|P0154,R02_Tick.png
C0087|P0155,R02_Tick.png
C0087|P0156,R02_Tick.png
C0087|P0157,R02_Tick.png
C0087|P0158,R02_0.png
C0087|P0159,R02_Tick.png
C0087|P0160,R02_IB003_IB063.png
C0087|P0161,R02_Tick.png
C0087|P0162,R02_Tick.png
C0087|P0163,R02_Tick.png
C0087|P0164,R02_0.png
C0087|P0165,R03_Second.png
C0087|P0166,R03_0.png
C0087|P0167,R03_0.png
C0087|P0168,R03_Tick.png
C0087|P0169,R03_IB008.png
C0087|P0170,R03_0.png
C0087|P0171,R03_0.png
C0087|P0172,R04_Sixer.png
C0087|P0173,R04_Tick.png
C0087|P0174,R04_Tick.png
C0087|P0175,R04_Tick.png
C0087|P0176,R04_Tick.png
C0087|P0177,R04_Tick.png
C0087|P0178,R04_0.png
C0087|P0179,R04_0.png
C0087|P0180,R04_Tick.png
C0087|P0181,R04_Tick.png
C0087|P0182,R04_0.png
C0087|P0183,R04_Tick.png
C0087|P0184,R04_Tick.png
C0087|P0185,R04_Tick.png
C0087|P0186,R04_AD002_AD003_AD004_IB024.png
C0088|P0103,R01_Tick.png
C0088|P0104,R01_0.png
C0088|P0105,R01_Tick.png
C0088|P0106,R01_Tick.png
C0088|P0107,R01_Tick.png
C0088|P0108,R01_0.png
C0088|P0109,R01_Tick.png
C0088|P0110,R01_Tick.png
C0088|P0111,R01_Tick.png
C0088|P0113,R01_Tick.png
C0089|P0109,R01_Tick.png
C0089|P0110,R01_Tick.png
C0089|P0111,R01_Tick.png
C0089|P0113,R01_Tick.png
C0089|P0114,R01_Tick.png
C0089|P0115,R01_Tick.png
C0089|P0116,R01_Tick.png
C0089|P0117,R01_Tick.png
C0089|P0118,R01_Tick.png
C0089|P0119,R01_Tick.png
C0089|P0120,R02_AD001_IB031.png
C0089|P0122,R02_Tick.png
C0089|P0123,R02_Tick.png
C0089|P0124,R02_Tick.png
C0089|P0125,R02_Tick.png
C0089|P0126,R02_Tick.png
C0089|P0127,R02_Tick.png
C0089|P0128,R02_Tick.png
C0089|P0129,R02_Tick.png
C0089|P0130,R02_Tick.png
C0089|P0131,R02_Tick.png
C0089|P0132,R02_Tick.png
C0089|P0133,R02_Tick.png
C0089|P0134,R02_0.png
C0089|P0135,R02_IB005.png
C0089|P0136,R02_0.png
C0089|P0137,R02_0.png
C0089|P0138,R02_Tick.png
C0089|P0139,R02_0.png
C0089|P0140,R02_0.png
C0089|P0141,R02_Tick.png
C0089|P0142,R02_0.png
C0089|P0143,R02_Tick.png
C0089|P0144,R02_Tick.png
C0089|P0145,R02_Tick.png
C0089|P0146,R02_Tick.png
C0089|P0147,R02_Tick.png
C0089|P0148,R02_Tick.png
C0089|P0149,R02_0.png
C0090|P0109,R01_Tick.png
C0090|P0110,R01_0.png
C0090|P0111,R01_Tick.png
C0090|P0113,R01_Tick.png
C0090|P0114,R01_Tick.png
C0090|P0115,R01_Tick.png
C0090|P0116,R01_Tick.png
C0090|P0117,R01_Tick.png
C0090|P0118,R01_Tick.png
C0090|P0119,R01_Tick.png
C0090|P0120,R02_AD001.png
C0090|P0122,R02_Tick.png
C0090|P0123,R02_Tick.png
C0090|P0124,R02_IB030.png
C0090|P0125,R02_Tick.png
C0090|P0126,R02_Tick.png
C0090|P0127,R02_Tick.png
C0090|P0128,R02_0.png
C0090|P0129,R02_Tick.png
C0090|P0130,R02_Tick.png
C0090|P0131,R02_Tick.png
C0090|P0132,R02_Tick.png
C0090|P0133,R02_Tick.png
C0090|P0134,R02_IB005.png
C0090|P0135,R02_Tick.png
C0090|P0136,R02_Tick.png
C0090|P0137,R02_Tick.png
C0090|P0138,R02_0.png
C0090|P0139,R02_0.png
C0090|P0140,R02_0.png
C0090|P0141,R02_0.png
C0090|P0142,R02_0.png
C0090|P0143,R02_0.png
C0090|P0144,R02_Tick.png
C0090|P0145,R02_Tick.png
C0090|P0146,R02_Tick.png
C0090|P0147,R02_Tick.png
C0090|P0148,R02_0.png
C0090|P0149,R02_Tick.png
C0091|P0109,R01_Tick.png
C0091|P0110,R01_0.png
C0091|P0111,R01_Tick.png
C0091|P0113,R01_Tick.png
C0091|P0114,R01_0.png
C0091|P0115,R01_Tick.png
C0091|P0116,R01_Tick.png
C0091|P0117,R01_Tick.png
C0091|P0118,R01_0.png
C0091|P0119,R01_0.png
C0091|P0120,R02_AD001.png
C0091|P0122,R02_Tick.png
C0091|P0123,R02_Tick.png
C0091|P0124,R02_Tick.png
C0091|P0125,R02_Tick.png
C0091|P0126,R02_Tick.png
C0091|P0127,R02_Tick.png
C0091|P0128,R02_Tick.png
C0091|P0129,R02_Tick.png
C0091|P0130,R02_Tick.png
C0091|P0131,R02_Tick.png
C0091|P0132,R02_0.png
C0091|P0133,R02_Tick.png
C0091|P0134,R02_0.png
C0091|P0135,R02_IB005_IB059.png
C0091|P0136,R02_0.png
C0091|P0137,R02_0.png
C0091|P0138,R02_Tick.png
C0091|P0139,R02_0.png
C0091|P0140,R02_0.png
C0091|P0141,R02_Tick.png
C0091|P0142,R02_Tick.png
C0091|P0143,R02_Tick.png
C0091|P0144,R02_Tick.png
C0091|P0145,R02_0.png
C0091|P0146,R02_Tick.png
C0091|P0148,R02_Tick.png
C0091|P0149,R02_0.png
C0091|P0150,R02_0.png
C0091|P0151,R02_Tick.png
C0091|P0153,R02_Tick.png
C0091|P0154,R02_0.png
C0091|P0155,R02_0.png
C0091|P0156,R02_Tick.png
C0091|P0157,R02_Tick.png
C0091|P0158,R02_0.png
C0091|P0159,R02_Tick.png
C0091|P0160,R02_IB003.png
C0091|P0161,R02_0.png
C0091|P0162,R02_0.png
C0091|P0163,R02_0.png
C0091|P0164,R02_Tick.png
C0091|P0165,R02_Tick.png
C0091|P0166,R02_IB008.png
C0092|P0110,R01_Tick.png
C0092|P0111,R01_Tick.png
C0092|P0113,R01_Tick.png
C0092|P0114,R01_Tick.png
C0092|P0115,R01_0.png
C0092|P0116,R01_0.png
C0092|P0117,R01_Tick.png
C0092|P0118,R01_0.png
C0092|P0119,R01_0.png
C0092|P0120,R02_AD001.png
C0092|P0122,R02_Tick.png
C0092|P0123,R02_0.png
C0092|P0124,R02_Tick.png
C0093|P0115,R01_Tick.png
C0093|P0116,R01_0.png
C0093|P0117,R01_Tick.png
C0093|P0118,R01_0.png
C0093|P0119,R01_0.png
C0093|P0120,R01_Tick.png
C0093|P0142,R01_Tick.png
C0093|P0143,R01_Tick.png
C0093|P0144,R01_Tick.png
C0093|P0145,R01_Tick.png
C0093|P0146,R01_Tick.png
C0093|P0147,R01_Tick.png
C0093|P0148,R02_AD001.png
C0093|P0149,R02_Tick.png
C0093|P0150,R02_Tick.png
C0093|P0151,R02_Tick.png
C0093|P0153,R02_Tick.png
C0093|P0154,R02_Tick.png
C0093|P0155,R02_Tick.png
C0093|P0156,R02_Tick.png
C0093|P0157,R02_Tick.png
C0093|P0158,R02_Tick.png
C0093|P0159,R02_0.png
C0093|P0160,R02_0.png
C0093|P0161,R02_IB003.png
C0093|P0162,R02_Tick.png
C0093|P0163,R02_0.png
C0093|P0164,R02_Tick.png
C0093|P0165,R02_0.png
C0093|P0166,R02_Tick.png
C0093|P0167,R02_Tick.png
C0093|P0168,R02_0.png
C0093|P0169,R02_IB008.png
C0093|P0170,R03_Second.png
C0093|P0171,R03_Tick.png
C0093|P0172,R03_Tick.png
C0093|P0173,R03_0.png
C0093|P0174,R03_Tick.png
C0093|P0175,R03_Tick.png
C0093|P0176,R03_0.png
C0093|P0177,R03_Tick.png
C0093|P0178,R03_Tick.png
C0093|P0179,R03_Tick.png
C0093|P0180,R03_Tick.png
C0093|P0181,R03_Tick.png
C0093|P0182,R03_Tick.png
C0093|P0183,R03_Tick.png
C0093|P0184,R03_Tick.png
C0093|P0185,R03_Tick.png
C0093|P0186,R03_0.png
C0093|P0187,R03_0.png
C0093|P0188,R03_Tick.png
C0093|P0189,R04_Sixer_IB024.png
C0093|P0190,R04_Tick.png
C0093|P0191,R04_Tick.png
C0093|P0192,R04_Tick.png
C0093|P0193,R04_Tick.png
C0093|P0194,R04_IB057.png
C0093|P0195,R04_Tick.png
C0093|P0196,R04_0.png
C0093|P0197,R04_IB021.png
C0093|P0198,R04_Tick.png
C0093|P0199,R04_Tick.png
C0093|P0200,R04_0.png
C0093|P0201,R04_Tick.png
C0093|P0202,R04_Tick.png
C0093|P0203,R04_IB028.png
C0093|P0204,R04_0.png
C0093|P0205,R04_Tick.png
C0093|P0207,R04_0.png
C0093|P0208,R04_Tick.png
C0093|P0209,R04_IB040.png
C0094|P0135,R01_Tick.png
C0094|P0136,R01_Tick.png
C0094|P0137,R01_Tick.png
C0094|P0138,R01_Tick.png
C0094|P0139,R01_Tick.png
C0094|P0140,R01_Tick.png
C0094|P0141,R01_Tick.png
C0094|P0142,R01_Tick.png
C0094|P0143,R01_0.png
C0094|P0144,R01_0.png
C0094|P0145,R01_Tick.png
C0094|P0146,R01_Tick.png
C0094|P0147,R01_Tick.png
C0094|P0148,R02_AD001.png
C0094|P0149,R02_Tick.png
C0094|P0150,R02_Tick.png
C0094|P0151,R02_IB052.png
C0094|P0153,R02_Tick.png
C0094|P0154,R02_Tick.png
C0094|P0155,R02_Tick.png
C0094|P0156,R02_Tick.png
C0094|P0157,R02_Tick.png
C0094|P0158,R02_Tick.png
C0094|P0159,R02_Tick.png
C0094|P0160,R02_0.png
C0094|P0161,R02_IB003.png
C0094|P0162,R02_Tick.png
C0094|P0163,R02_Tick.png
C0094|P0164,R02_Tick.png
C0094|P0165,R02_Tick.png
C0094|P0166,R02_Tick.png
C0094|P0167,R02_0.png
C0094|P0168,R02_0.png
C0094|P0169,R02_0.png
C0094|P0170,R02_0.png
C0094|P0171,R02_0.png
C0094|P0172,R04_Sixer_IB008.png
C0094|P0173,R04_0.png
C0094|P0174,R04_IB040.png
C0094|P0175,R04_Tick.png
C0094|P0176,R04_Tick.png
C0094|P0177,R04_Tick.png
C0094|P0178,R04_0.png
C0094|P0179,R04_0.png
C0094|P0180,R04_IB015.png
C0094|P0181,R04_Tick.png
C0094|P0182,R04_0.png
C0094|P0183,R04_Tick.png
C0094|P0184,R04_Tick.png
C0094|P0185,R04_IB024.png
C0095|P0142,R01_Tick.png
C0095|P0143,R01_Tick.png
C0095|P0144,R01_Tick.png
C0095|P0145,R01_0.png
C0095|P0146,R01_Tick.png
C0095|P0147,R01_Tick.png
C0095|P0148,R01_0.png
C0095|P0150,R01_0.png
C0095|P0151,R01_0.png
C0095|P0153,R01_0.png
C0095|P0154,R01_0.png
C0095|P0155,R01_0.png
C0095|P0156,R01_Tick.png
C0095|P0157,R01_Tick.png
C0096|P0142,R01_Tick.png
C0096|P0143,R01_Tick.png
C0096|P0145,R01_0.png
C0096|P0146,R01_Tick.png
C0096|P0147,R01_Tick.png
C0096|P0148,R01_0.png
C0096|P0150,R01_0.png
C0096|P0151,R01_0.png
C0096|P0153,R01_0.png
C0096|P0154,R01_Tick.png
C0096|P0155,R01_Tick.png
C0096|P0156,R01_Tick.png
C0096|P0157,R01_Tick.png
C0097|P0142,R01_Tick.png
C0097|P0143,R01_Tick.png
C0097|P0145,R01_0.png
C0097|P0146,R01_Tick.png
C0097|P0147,R01_Tick.png
C0097|P0148,R01_0.png
C0097|P0150,R01_0.png
C0097|P0151,R01_0.png
C0097|P0153,R01_Tick.png
C0097|P0154,R01_Tick.png
C0097|P0155,R01_0.png
C0097|P0156,R01_Tick.png
C0097|P0157,R01_Tick.png
C0097|P0158,R01_0.png
C0097|P0159,R01_0.png
C0097|P0160,R01_0.png
C0097|P0161,R01_0.png
C0097|P0162,R01_0.png
C0097|P0163,R01_0.png
C0097|P0164,R01_0.png
C0097|P0165,R01_0.png
C0097|P0166,R01_0.png
C0097|P0167,R01_0.png
C0097|P0168,R01_0.png
C0097|P0169,R01_0.png
C0097|P0170,R01_0.png
C0097|P0171,R01_0.png
C0097|P0172,R01_0.png
C0097|P0173,R01_0.png
C0097|P0174,R01_0.png
C0097|P0175,R01_0.png
C0097|P0176,R01_0.png
C0097|P0177,R01_0.png
C0097|P0178,R01_0.png
C0097|P0179,R01_Tick.png
C0097|P0180,R01_Tick.png
C0097|P0181,R01_Tick.png
C0097|P0182,R01_Tick.png
C0098|P0150,R01_Tick.png
C0098|P0151,R01_Tick.png
C0098|P0153,R01_Tick.png
C0098|P0154,R01_Tick.png
C0098|P0155,R01_Tick.png
C0098|P0156,R01_Tick.png
C0098|P0157,R02_AD001.png
C0098|P0158,R02_0.png
C0098|P0159,R02_Tick.png
C0098|P0160,R02_Tick.png
C0098|P0161,R02_Tick.png
C0098|P0162,R02_Tick.png
C0098|P0163,R02_Tick.png
C0098|P0164,R02_IB005.png
C0098|P0165,R02_Tick.png
C0098|P0166,R02_Tick.png
C0098|P0167,R02_0.png
C0098|P0168,R02_Tick.png
C0098|P0169,R02_IB008.png
C0098|P0170,R02_0.png
C0098|P0171,R03_Second.png
C0098|P0172,R03_Tick.png
C0098|P0173,R03_Tick.png
C0098|P0174,R03_Tick.png
C0098|P0175,R03_Tick.png
C0098|P0176,R03_Tick.png
C0098|P0177,R03_Tick.png
C0098|P0178,R03_Tick.png
C0098|P0179,R03_Tick.png
C0098|P0180,R03_0.png
C0098|P0181,R03_Tick.png
C0098|P0182,R03_Tick.png
C0098|P0183,R03_Tick.png
C0098|P0184,R03_Tick.png
C0098|P0185,R03_Tick.png
C0098|P0186,R03_Tick.png
C0098|P0187,R03_IB012_IB024.png
C0098|P0188,R03_Tick.png
C0098|P0189,R04_Sixer.png
C0098|P0190,R04_Tick.png
C0098|P0191,R04_Tick.png
C0098|P0192,R04_Tick.png
C0098|P0193,R04_Tick.png
C0098|P0194,R04_IB057.png
C0098|P0195,R04_Tick.png
C0098|P0196,R04_IB021.png
C0098|P0197,R04_Tick.png
C0098|P0198,R04_Tick.png
C0098|P0199,R04_Tick.png
C0098|P0200,R04_Tick.png
C0098|P0201,R04_Tick.png
C0098|P0202,R04_Tick.png
C0098|P0203,R04_IB028.png
C0098|P0204,R04_IB015.png
C0098|P0205,R04_Tick.png
C0098|P0207,R04_IB029_IB063.png
C0098|P0208,R04_AD007_AD009_AD012_IB040.png
C0099|P0151,R01_Tick.png
C0099|P0153,R01_0.png
C0099|P0154,R01_0.png
C0099|P0155,R01_0.png
C0099|P0156,R01_Tick.png
C0099|P0157,R01_Tick.png
C0099|P0158,R01_0.png
C0099|P0159,R01_0.png
C0099|P0160,R02_AD001.png
C0099|P0161,R02_Tick.png
C0099|P0162,R02_Tick.png
C0099|P0163,R02_Tick.png
C0099|P0164,R02_0.png
C0099|P0165,R02_0.png
C0099|P0166,R02_0.png
C0099|P0167,R02_Tick.png
C0100|P0151,R01_Tick.png
C0100|P0153,R01_0.png
C0100|P0154,R01_Tick.png
C0100|P0155,R01_0.png
C0100|P0156,R01_Tick.png
C0100|P0157,R01_Tick.png
C0100|P0158,R01_Tick.png
C0100|P0159,R01_0.png
C0100|P0160,R02_AD001.png
C0100|P0161,R02_Tick.png
C0100|P0162,R02_Tick.png
C0100|P0163,R02_Tick.png
C0100|P0164,R02_IB003.png
C0100|P0165,R02_Tick.png
C0100|P0166,R02_Tick.png
C0100|P0167,R02_Tick.png
C0100|P0168,R02_Tick.png
C0100|P0169,R02_IB008.png
C0100|P0170,R02_0.png
C0100|P0171,R02_0.png
C0100|P0172,R02_0.png
C0100|P0173,R02_Tick.png
C0100|P0174,R02_Tick.png
C0100|P0175,R02_0.png
C0100|P0176,R02_Tick.png
C0100|P0177,R02_Tick.png
C0100|P0178,R02_Tick.png
C0100|P0179,R02_Tick.png
C0100|P0180,R02_Tick.png
C0100|P0181,R02_Tick.png
C0100|P0182,R02_Tick.png
C0100|P0183,R02_Tick.png
C0100|P0184,R02_Tick.png
C0100|P0185,R02_Tick.png
C0100|P0186,R02_Tick.png
C0100|P0187,R02_AD002_IB012_IB024.png
C0100|P0188,R02_0.png
C0100|P0190,R02_0.png
C0100|P0191,R02_Tick.png
C0100|P0192,R02_0.png
C0100|P0193,R02_0.png
C0100|P0194,R02_IB057.png
C0100|P0196,R02_0.png
C0100|P0197,R02_0.png
C0100|P0198,R02_0.png
C0100|P0199,R02_Tick.png
C0100|P0200,R02_0.png
C0100|P0201,R02_Tick.png
C0100|P0202,R02_Tick.png
C0100|P0203,R02_IB028.png
C0100|P0204,R02_Tick.png
C0100|P0205,R02_0.png
C0100|P0207,R02_Tick.png
C0100|P0208,R02_Tick.png
C0100|P0209,R02_0.png
C0100|P0210,R02_IB040.png
C0100|P0211,R02_Tick.png
C0100|P0212,R02_Tick.png
C0100|P0213,R02_Tick.png
C0100|P0214,R02_Tick.png
C0100|P0215,R03_Second.png
C0100|P0216,R03_Tick.png
C0100|P0217,R03_Tick.png
C0100|P0218,R03_Tick.png
C0100|P0219,R03_0.png
C0100|P0220,R03_AD004.png
C0100|P0221,R03_Tick.png
C0100|P0222,R03_0.png
C0100|P0223,R03_Tick.png
C0100|P0224,R03_IB047.png
C0100|P0225,R03_0.png
C0100|P0226,R03_0.png
C0100|P0227,R03_0.png
C0100|P0228,R03_0.png
C0100|P0229,R03_Tick.png
C0100|P0230,R04_Sixer_IB059.png
C0100|P0231,R04_0.png
C0100|P0232,R04_AD005.png
C0100|P0233,R04_Tick.png
C0100|P0234,R04_0.png
C0100|P0235,R04_0.png
C0100|P0236,R04_0.png
C0100|P0237,R04_0.png
C0100|P0238,R04_Tick.png
C0100|P0239,R04_Tick.png
C0100|P0240,R04_Tick.png
C0100|P0241,R04_Tick.png
C0100|P0242,R04_Tick.png
C0100|P0243,R04_0.png
C0100|P0244,R04_Tick.png
C0100|P0245,R04_Tick.png
C0100|P0246,R04_0.png
C0100|P0247,R04_Tick.png
C0100|P0248,R04_Tick.png
C0100|P0249,R04_Tick.png
C0100|P0250,R04_Tick.png
C0100|P0251,R04_Tick.png
C0100|P0252,R04_Tick.png
C0100|P0253,R04_Tick.png
C0100|P0254,R04_IB037.png
C0100|P0255,R04_0.png
C0100|P0256,R04_0.png
C0100|P0257,R04_Tick.png
C0100|P0258,R04_Tick.png
C0100|P0259,R04_Tick.png
C0100|P0260,R04_AD010.png
C0100|P0261,R04_Tick.png
C0100|P0262,R04_Tick.png
C0100|P0263,R04_Tick.png
C0100|P0264,R04_0.png
C0100|P0265,R04_0.png
C0100|P0266,R04_Tick.png
C0100|P0267,R04_AD003_AD006.png
C0100|P0268,R04_Tick.png
C0100|P0269,R04_Tick.png
C0100|P0270,R04_Tick.png
C0100|P0271,R04_Tick.png
C0100|P0272,R04_Tick.png
C0100|P0273,R04_0.png
C0100|P0274,R04_Tick.png
C0100|P0275,R04_Tick.png
C0100|P0276,R04_Tick.png
C0100|P0277,R04_Tick.png
C0100|P0278,R04_IB027_IB038.png
C0100|P0279,R04_0.png
C0100|P0280,R04_Tick.png
C0100|P0281,R04_Tick.png
C0100|P0282,R04_IB049.png
C0100|P0283,R04_0.png
C0100|P0284,R04_0.png
C0100|P0285,R04_0.png
C0100|P0286,R04_Tick.png
C0100|P0287,R04_Tick.png
C0100|P0288,R04_Tick.png
C0100|P0289,R04_Tick.png
C0100|P0290,R04_AD007_AD008_AD009_AD011_AD013.png
C0101|P0151,R01_Tick.png
C0102|P0153,R01_Tick.png
C0102|P0154,R01_Tick.png
C0102|P0155,R01_Tick.png
C0102|P0156,R01_Tick.png
C0102|P0157,R01_Tick.png
C0102|P0158,R01_Tick.png
C0102|P0159,R01_0.png
C0102|P0160,R01_0.png
C0102|P0161,R01_Tick.png
C0102|P0162,R01_Tick.png
C0102|P0163,R01_0.png
C0102|P0164,R01_Tick.png
C0102|P0165,R02_AD001.png
C0102|P0166,R02_Tick.png
C0102|P0167,R02_IB003.png
C0102|P0168,R02_0.png
C0102|P0169,R02_IB008.png
C0102|P0170,R03_Second.png
C0102|P0171,R03_Tick.png
C0102|P0172,R03_Tick.png
C0102|P0173,R03_Tick.png
C0102|P0174,R03_Tick.png
C0102|P0175,R03_Tick.png
C0102|P0176,R03_Tick.png
C0102|P0177,R03_Tick.png
C0102|P0178,R03_0.png
C0102|P0179,R03_Tick.png
C0102|P0180,R03_Tick.png
C0102|P0181,R03_Tick.png
C0102|P0182,R03_Tick.png
C0102|P0183,R03_Tick.png
C0102|P0184,R03_Tick.png
C0102|P0185,R03_Tick.png
C0102|P0186,R03_Tick.png
C0102|P0187,R03_0.png
C0102|P0188,R03_Tick.png
C0102|P0189,R04_Sixer_IB012_IB024.png
C0102|P0190,R04_Tick.png
C0102|P0191,R04_Tick.png
C0102|P0192,R04_Tick.png
C0102|P0193,R04_Tick.png
C0102|P0194,R04_IB057.png
C0102|P0195,R04_Tick.png
C0102|P0196,R04_0.png
C0102|P0197,R04_IB021.png
C0102|P0198,R04_Tick.png
C0102|P0199,R04_Tick.png
C0102|P0200,R04_0.png
C0102|P0201,R04_Tick.png
C0102|P0202,R04_Tick.png
C0102|P0203,R04_IB028.png
C0102|P0204,R04_Tick.png
C0102|P0205,R04_Tick.png
C0102|P0207,R04_0.png
C0102|P0208,R04_0.png
C0102|P0209,R04_0.png
C0102|P0210,R04_IB015.png
C0102|P0211,R04_0.png
C0102|P0212,R04_0.png
C0102|P0213,R04_0.png
C0102|P0214,R04_Tick.png
C0103|P0154,R01_Tick.png
C0103|P0155,R01_0.png
C0103|P0156,R01_0.png
C0103|P0157,R01_Tick.png
C0103|P0158,R01_Tick.png
C0103|P0159,R01_0.png
C0103|P0160,R02_AD001.png
C0103|P0161,R02_0.png
C0103|P0162,R02_0.png
C0103|P0163,R02_0.png
C0103|P0164,R02_0.png
C0103|P0165,R02_IB003.png
C0103|P0166,R02_Tick.png
C0103|P0167,R02_Tick.png
C0103|P0168,R02_Tick.png
C0103|P0169,R02_IB008.png
C0104|P0156,R01_Tick.png
C0104|P0157,R01_0.png
C0104|P0158,R01_Tick.png
C0104|P0159,R01_Tick.png
C0104|P0160,R01_Tick.png
C0104|P0161,R01_Tick.png
C0104|P0162,R01_0.png
C0104|P0163,R01_0.png
C0104|P0164,R01_Tick.png
C0104|P0165,R01_Tick.png
C0104|P0166,R01_IB057.png
C0105|P0156,R01_Tick.png
C0105|P0157,R01_Tick.png
C0105|P0158,R01_0.png
C0105|P0159,R01_Tick.png
C0105|P0160,R01_Tick.png
C0106|P0157,R01_Tick.png
C0106|P0158,R01_0.png
C0106|P0159,R01_0.png
C0106|P0160,R01_Tick.png
C0107|P0157,R01_Tick.png
C0107|P0158,R01_0.png
C0107|P0159,R01_0.png
C0107|P0160,R01_Tick.png
C0108|P0159,R01_Tick.png
C0108|P0160,R01_Tick.png
C0108|P0161,R01_0.png
C0108|P0162,R01_0.png
C0108|P0163,R01_Tick.png
C0108|P0164,R01_Tick.png
C0108|P0165,R02_AD001.png
C0108|P0166,R02_Tick.png
C0108|P0167,R02_Tick.png
C0108|P0168,R02_Tick.png
C0108|P0169,R02_IB008.png
C0108|P0170,R02_0.png
C0108|P0171,R02_0.png
C0108|P0172,R02_0.png
C0108|P0173,R02_0.png
C0108|P0174,R02_0.png
C0108|P0175,R02_0.png
C0108|P0176,R02_0.png
C0108|P0177,R02_0.png
C0108|P0178,R02_0.png
C0108|P0179,R02_Tick.png
C0108|P0180,R02_Tick.png
C0108|P0181,R02_Tick.png
C0108|P0182,R02_Tick.png
C0108|P0183,R02_Tick.png
C0108|P0184,R02_Tick.png
C0108|P0185,R02_Tick.png
C0108|P0186,R02_0.png
C0108|P0187,R02_0.png
C0108|P0188,R02_0.png
C0108|P0189,R03_Second_IB012_IB024.png
C0108|P0190,R03_Tick.png
C0109|P0161,R01_Tick.png
C0109|P0162,R01_0.png
C0109|P0163,R01_0.png
C0109|P0164,R01_Tick.png
C0109|P0165,R01_0.png
C0109|P0166,R01_Tick.png
C0110|P0165,R01_Tick.png
C0110|P0166,R01_0.png
C0110|P0167,R01_Tick.png
C0110|P0168,R01_Tick.png
C0110|P0169,R01_Tick.png
C0110|P0170,R01_0.png
C0110|P0171,R01_0.png
C0110|P0172,R01_0.png
C0110|P0173,R01_0.png
C0110|P0174,R01_Tick.png
C0110|P0175,R01_0.png
C0110|P0176,R01_0.png
C0110|P0177,R01_Tick.png
C0110|P0178,R01_Tick.png
C0110|P0179,R01_Tick.png
C0110|P0180,R02_AD001.png
C0110|P0181,R02_Tick.png
C0110|P0182,R02_0.png
C0110|P0183,R02_Tick.png
C0110|P0184,R02_Tick.png
C0110|P0185,R02_Tick.png
C0110|P0186,R02_Tick.png
C0110|P0187,R02_Tick.png
C0111|P0166,R01_Tick.png
C0112|P0167,R01_Tick.png
C0112|P0168,R01_Tick.png
C0112|P0169,R01_0.png
C0112|P0170,R01_Tick.png
C0112|P0171,R01_Tick.png
C0112|P0172,R01_Tick.png
C0112|P0173,R01_0.png
C0112|P0174,R02_AD001.png
C0112|P0175,R02_Tick.png
C0112|P0176,R02_Tick.png
C0112|P0177,R02_Tick.png
C0112|P0178,R02_Tick.png
C0112|P0179,R02_Tick.png
C0112|P0180,R02_0.png
C0112|P0181,R02_Tick.png
C0112|P0182,R02_Tick.png
C0112|P0183,R02_0.png
C0112|P0184,R02_Tick.png
C0112|P0185,R02_0.png
C0112|P0186,R02_Tick.png
C0112|P0187,R02_IB012_IB024.png
C0112|P0188,R02_0.png
C0112|P0189,R04_Sixer.png
C0112|P0190,R04_Tick.png
C0112|P0191,R04_Tick.png
C0112|P0192,R04_Tick.png
C0112|P0193,R04_Tick.png
C0112|P0194,R04_IB057.png
C0112|P0195,R04_Tick.png
C0112|P0196,R04_AD008_AD009_AD012_IB005_IB021_ab.png
C0113|P0166,R01_Tick.png
C0113|P0167,R01_Tick.png
C0114|P0164,R01_Tick.png
C0115|P0170,R01_Tick.png
C0115|P0171,R01_Tick.png
C0115|P0172,R01_Tick.png
C0115|P0173,R01_Tick.png
C0115|P0174,R02_AD001.png
C0115|P0175,R02_Tick.png
C0115|P0176,R02_IB057.png
C0115|P0177,R02_Tick.png
C0115|P0178,R02_Tick.png
C0115|P0179,R02_IB059.png
C0115|P0180,R02_Tick.png
C0115|P0181,R02_IB053.png
C0115|P0182,R02_Tick.png
C0115|P0183,R02_Tick.png
C0115|P0184,R02_Tick.png
C0115|P0185,R02_Tick.png
C0115|P0186,R02_Tick.png
C0115|P0187,R02_IB012_IB024.png
C0115|P0188,R02_Tick.png
C0115|P0189,R02_0.png
C0115|P0190,R02_0.png
C0115|P0191,R02_Tick.png
C0115|P0192,R02_IB070.png
C0115|P0193,R02_Tick.png
C0115|P0194,R02_Tick.png
C0115|P0196,R02_Tick.png
C0115|P0197,R02_Tick.png
C0115|P0198,R02_Tick.png
C0115|P0199,R02_Tick.png
C0115|P0200,R02_Tick.png
C0115|P0201,R02_Tick.png
C0115|P0202,R02_Tick.png
C0115|P0203,R02_IB028.png
C0115|P0204,R02_IB050.png
C0115|P0205,R02_Tick.png
C0115|P0207,R02_Tick.png
C0115|P0208,R02_Tick.png
C0115|P0209,R02_Tick.png
C0115|P0210,R02_IB040.png
C0115|P0211,R02_AD004.png
C0115|P0212,R02_Tick.png
C0115|P0213,R02_Tick.png
C0115|P0214,R02_Tick.png
C0115|P0215,R02_Tick.png
C0115|P0216,R02_Tick.png
C0115|P0217,R02_Tick.png
C0115|P0218,R02_Tick.png
C0115|P0219,R02_0.png
C0115|P0220,R02_AD002_AD005.png
C0115|P0221,R02_0.png
C0115|P0222,R02_IB015.png
C0115|P0223,R02_Tick.png
C0115|P0224,R02_IB047.png
C0115|P0225,R02_Tick.png
C0115|P0226,R02_IB020.png
C0115|P0227,R02_Tick.png
C0115|P0228,R02_Tick.png
C0115|P0229,R02_Tick.png
C0115|P0230,R02_Tick.png
C0115|P0231,R02_Tick.png
C0115|P0232,R02_Tick.png
C0115|P0233,R02_IB044.png
C0115|P0234,R02_Tick.png
C0115|P0235,R02_IB005_IB007.png
C0115|P0236,R02_Tick.png
C0115|P0237,R02_Tick.png
C0115|P0238,R02_AD003_AD006_IB031_IB055.png
C0115|P0239,R02_Tick.png
C0115|P0240,R02_Tick.png
C0115|P0241,R02_Tick.png
C0115|P0242,R02_Tick.png
C0115|P0243,R02_IB042.png
C0115|P0244,R02_Tick.png
C0115|P0245,R02_IB017_IB046.png
C0115|P0246,R02_Tick.png
C0115|P0247,R02_Tick.png
C0115|P0248,R02_Tick.png
C0115|P0249,R02_Tick.png
C0115|P0250,R02_Tick.png
C0115|P0251,R02_Tick.png
C0115|P0252,R02_Tick.png
C0115|P0253,R02_Tick.png
C0115|P0254,R02_IB016_IB037_IB052.png
C0115|P0255,R02_Tick.png
C0115|P0256,R03_Second_IB023.png
C0115|P0257,R03_Tick.png
C0115|P0258,R03_Tick.png
C0115|P0259,R03_Tick.png
C0115|P0260,R03_Tick.png
C0115|P0261,R03_Tick.png
C0115|P0262,R03_Tick.png
C0115|P0263,R03_AD010_IB026.png
C0115|P0264,R03_0.png
C0115|P0265,R03_Tick.png
C0115|P0266,R03_Tick.png
C0115|P0267,R03_IB039.png
C0115|P0268,R03_Tick.png
C0115|P0269,R03_Tick.png
C0115|P0270,R03_Tick.png
C0115|P0271,R03_Tick.png
C0115|P0272,R03_IB022_IB030.png
C0115|P0273,R03_Tick.png
C0115|P0274,R03_Tick.png
C0115|P0275,R03_Tick.png
C0115|P0276,R03_Tick.png
C0115|P0277,R03_Tick.png
C0115|P0278,R03_0.png
C0115|P0279,R03_IB006_IB027_IB038_IB041_IB051.png
C0115|P0280,R03_AD008.png
C0115|P0281,R03_Tick.png
C0115|P0282,R03_IB002_IB049.png
C0115|P0283,R03_Tick.png
C0115|P0284,R03_Tick.png
C0115|P0285,R03_Tick.png
C0115|P0286,R03_IB003_IB013.png
C0115|P0287,R03_Tick.png
C0115|P0288,R03_Tick.png
C0115|P0289,R03_Tick.png
C0115|P0290,R03_Tick.png
C0115|P0291,R03_0.png
C0115|P0292,R03_IB025_IB060.png
C0115|P0293,R03_Tick.png
C0115|P0294,R03_Tick.png
C0115|P0295,R03_Tick.png
C0115|P0296,R03_IB009.png
C0115|P0297,R03_Tick.png
C0115|P0298,R03_Tick.png
C0115|P0299,R03_IB014.png
C0115|P0300,R03_Tick.png
C0115|P0302,R03_Tick.png
C0115|P0303,R03_AD007.png
C0115|P0306,R03_0.png
C0115|P0307,R03_0.png
C0115|P0308,R03_Tick.png
C0115|P0309,R03_IB021.png
C0115|P0310,R03_Tick.png
C0115|P0311,R03_Tick.png
C0115|P0312,R03_AD009_AD011.png
C0115|P0313,R03_IB054.png
C0115|P0314,R04_Sixer_IB001.png
C0115|P0315,R04_Tick.png
C0115|P0317,R04_Tick.png
C0115|P0318,R04_Tick.png
C0115|P0319,R04_Tick.png
C0115|P0320,R04_IB043.png
C0115|P0321,R04_Tick.png
C0115|P0322,R04_Tick.png
C0115|P0323,R04_Tick.png
C0115|P0324,R04_Tick.png
C0115|P0325,R04_Tick.png
C0115|P0326,R04_Tick.png
C0115|P0327,R04_0.png
C0115|P0328,R04_AD012_IB045_IB048_IB061_IB072.png
C0115|P0329,R04_Tick.png
C0115|P0330,R04_AD013_IB019_IB029.png
C0115|P0331,R04_IB011_IB018_IB032_IB034.png
C0116|P0170,R01_0.png
C0116|P0171,R01_Tick.png
C0116|P0172,R01_Tick.png
C0116|P0173,R01_0.png
C0116|P0174,R01_0.png
C0116|P0175,R01_0.png
C0116|P0176,R01_0.png
C0116|P0177,R01_0.png
C0116|P0178,R01_Tick.png
C0116|P0179,R01_Tick.png
C0116|P0180,R02_AD001.png
C0116|P0181,R02_Tick.png
C0116|P0182,R02_0.png
C0116|P0183,R02_Tick.png
C0116|P0184,R02_Tick.png
C0116|P0185,R02_Tick.png
C0116|P0186,R02_Tick.png
C0116|P0187,R02_IB012_IB024.png
C0116|P0188,R02_Tick.png
C0116|P0189,R02_0.png
C0116|P0190,R02_0.png
C0116|P0191,R03_Second.png
C0116|P0192,R03_Tick.png
C0116|P0193,R03_Tick.png
C0116|P0194,R03_IB057.png
C0116|P0196,R03_0.png
C0116|P0197,R03_0.png
C0116|P0198,R03_0.png
C0116|P0199,R03_Tick.png
C0116|P0200,R03_Tick.png
C0116|P0201,R03_Tick.png
C0116|P0202,R03_Tick.png
C0116|P0203,R03_IB028.png
C0116|P0204,R03_Tick.png
C0116|P0205,R03_0.png
C0116|P0207,R03_Tick.png
C0116|P0208,R03_Tick.png
C0116|P0209,R03_Tick.png
C0116|P0210,R03_IB040.png
C0116|P0211,R03_Tick.png
C0116|P0212,R03_Tick.png
C0116|P0213,R03_Tick.png
C0116|P0214,R03_Tick.png
C0116|P0215,R04_Sixer.png
C0116|P0216,R04_Tick.png
C0116|P0217,R04_Tick.png
C0116|P0218,R04_IB021.png
C0116|P0219,R04_Tick.png
C0116|P0220,R04_0.png
C0116|P0221,R04_AD007.png
C0116|P0222,R04_0.png
C0116|P0223,R04_Tick.png
C0116|P0224,R04_IB047.png
C0116|P0225,R04_Tick.png
C0116|P0226,R04_Tick.png
C0116|P0227,R04_Tick.png
C0116|P0228,R04_Tick.png
C0116|P0229,R04_Tick.png
C0116|P0230,R04_Tick.png
C0116|P0231,R04_0.png
C0116|P0232,R04_Tick.png
C0116|P0233,R04_IB070.png
C0116|P0234,R04_Tick.png
C0116|P0235,R04_Tick.png
C0116|P0236,R04_Tick.png
C0116|P0237,R04_Tick.png
C0116|P0238,R04_IB013_IB031.png
C0116|P0239,R04_0.png
C0116|P0240,R04_0.png
C0116|P0241,R04_Tick.png
C0116|P0242,R04_0.png
C0116|P0243,R04_Tick.png
C0116|P0244,R04_0.png
C0116|P0245,R04_AD008_AD009_AD010_a_IB029_IB063.png
C0117|P0174,R01_Tick.png
C0117|P0175,R01_Tick.png
C0117|P0176,R01_0.png
C0117|P0177,R01_Tick.png
C0117|P0178,R01_Tick.png
C0117|P0179,R01_Tick.png
C0117|P0180,R02_AD001.png
C0117|P0181,R02_Tick.png
C0117|P0182,R02_Tick.png
C0117|P0183,R02_0.png
C0117|P0184,R02_Tick.png
C0117|P0185,R02_Tick.png
C0117|P0186,R02_Tick.png
C0117|P0187,R02_IB012_IB024.png
C0117|P0188,R02_0.png
C0117|P0189,R03_Second.png
C0117|P0190,R03_Tick.png
C0118|P0176,R01_Tick.png
C0118|P0177,R01_Tick.png
C0118|P0178,R01_0.png
C0118|P0179,R01_Tick.png
C0118|P0180,R02_AD001.png
C0118|P0181,R02_0.png
C0118|P0182,R02_0.png
C0118|P0183,R02_Tick.png
C0118|P0184,R02_Tick.png
C0118|P0185,R02_Tick.png
C0118|P0186,R02_Tick.png
C0118|P0187,R02_IB012.png
C0118|P0188,R02_Tick.png
C0118|P0189,R03_Second.png
C0118|P0190,R03_Tick.png
C0118|P0191,R03_0.png
C0118|P0192,R03_Tick.png
C0118|P0193,R03_Tick.png
C0118|P0194,R03_IB057.png
C0118|P0196,R03_Tick.png
C0118|P0197,R03_Tick.png
C0118|P0198,R03_0.png
C0118|P0199,R03_0.png
C0118|P0200,R03_Tick.png
C0118|P0201,R03_Tick.png
C0118|P0202,R03_0.png
C0118|P0203,R03_IB003_IB028.png
C0118|P0204,R03_0.png
C0118|P0205,R03_0.png
C0118|P0207,R03_Tick.png
C0118|P0208,R03_Tick.png
C0118|P0209,R03_Tick.png
C0118|P0210,R03_IB040.png
C0118|P0211,R03_Tick.png
C0118|P0212,R03_Tick.png
C0118|P0213,R03_Tick.png
C0118|P0214,R03_Tick.png
C0118|P0215,R04_Sixer.png
C0118|P0216,R04_Tick.png
C0118|P0217,R04_0.png
C0118|P0218,R04_0.png
C0118|P0219,R04_Tick.png
C0118|P0220,R04_0.png
C0118|P0221,R04_IB024.png
C0119|P0177,R01_Tick.png
C0119|P0178,R01_Tick.png
C0119|P0179,R01_0.png
C0119|P0180,R01_Tick.png
C0119|P0181,R01_Tick.png
C0119|P0182,R01_Tick.png
C0119|P0183,R01_Tick.png
C0119|P0184,R01_Tick.png
C0119|P0185,R02_AD001.png
C0119|P0186,R02_0.png
C0119|P0187,R02_0.png
C0119|P0188,R02_0.png
C0119|P0189,R03_Second_IB024.png
C0119|P0190,R03_Tick.png
C0119|P0191,R03_Tick.png
C0119|P0192,R03_0.png
C0119|P0193,R03_0.png
C0119|P0194,R03_IB057.png
C0119|P0196,R03_0.png
C0119|P0197,R03_Tick.png
C0119|P0198,R03_0.png
C0119|P0199,R03_Tick.png
C0119|P0200,R03_Tick.png
C0119|P0201,R03_0.png
C0119|P0202,R03_0.png
C0119|P0203,R03_Tick.png
C0119|P0204,R03_Tick.png
C0119|P0205,R03_0.png
C0119|P0207,R03_0.png
C0119|P0208,R03_0.png
C0119|P0209,R03_0.png
C0119|P0210,R03_0.png
C0119|P0211,R03_0.png
C0119|P0212,R03_Tick.png
C0119|P0213,R03_Tick.png
C0119|P0214,R03_0.png
C0119|P0215,R03_Tick.png
C0120|P0177,R01_Tick.png
C0121|P0179,R01_Tick.png
C0121|P0180,R01_0.png
C0121|P0181,R01_Tick.png
C0121|P0182,R01_0.png
C0121|P0183,R01_0.png
C0121|P0184,R01_Tick.png
C0121|P0185,R02_AD001.png
C0121|P0186,R02_Tick.png
C0121|P0187,R02_IB012_IB024.png
C0121|P0188,R02_Tick.png
C0121|P0189,R02_Tick.png
C0121|P0190,R02_0.png
C0121|P0191,R02_Tick.png
C0121|P0192,R02_0.png
C0121|P0193,R02_Tick.png
C0121|P0194,R02_IB057.png
C0121|P0196,R02_0.png
C0121|P0197,R02_0.png
C0121|P0198,R02_0.png
C0121|P0199,R02_Tick.png
C0121|P0200,R02_Tick.png
C0121|P0201,R02_0.png
C0121|P0202,R02_0.png
C0121|P0203,R02_Tick.png
C0121|P0204,R02_0.png
C0121|P0205,R02_0.png
C0121|P0207,R02_0.png
C0121|P0208,R02_0.png
C0121|P0209,R02_0.png
C0121|P0210,R02_0.png
C0121|P0211,R02_0.png
C0121|P0212,R02_0.png
C0121|P0213,R02_Tick.png
C0121|P0214,R02_0.png
C0121|P0215,R02_0.png
C0121|P0216,R02_Tick.png
C0121|P0217,R02_Tick.png
C0121|P0218,R02_Tick.png
C0121|P0219,R02_Tick.png
C0121|P0220,R02_0.png
C0121|P0221,R02_Tick.png
C0121|P0222,R02_Tick.png
C0121|P0223,R02_Tick.png
C0121|P0224,R02_0.png
C0121|P0225,R02_0.png
C0121|P0226,R02_Tick.png
C0121|P0227,R02_Tick.png
C0121|P0228,R02_Tick.png
C0121|P0229,R02_0.png
C0121|P0230,R02_Tick.png
C0121|P0231,R02_Tick.png
C0121|P0232,R02_0.png
C0121|P0233,R02_Tick.png
C0121|P0234,R02_Tick.png
C0121|P0235,R02_0.png
C0121|P0236,R02_0.png
C0121|P0237,R02_0.png
C0121|P0238,R02_Tick.png
C0121|P0239,R02_Tick.png
C0121|P0240,R02_Tick.png
C0121|P0241,R02_0.png
C0121|P0242,R02_Tick.png
C0121|P0243,R02_IB042.png
C0121|P0244,R02_0.png
C0121|P0245,R02_0.png
C0121|P0246,R02_0.png
C0121|P0247,R02_0.png
C0121|P0248,R02_0.png
C0121|P0249,R02_0.png
C0121|P0250,R02_0.png
C0121|P0251,R02_0.png
C0121|P0252,R02_0.png
C0121|P0253,R02_0.png
C0121|P0254,R02_0.png
C0121|P0255,R02_0.png
C0121|P0256,R02_0.png
C0121|P0257,R02_Tick.png
C0121|P0258,R02_Tick.png
C0121|P0259,R02_AD005.png
C0121|P0260,R02_Tick.png
C0121|P0261,R02_Tick.png
C0121|P0262,R02_0.png
C0121|P0263,R02_Tick.png
C0121|P0265,R02_AD002.png
C0121|P0266,R02_Tick.png
C0121|P0267,R02_0.png
C0121|P0268,R02_Tick.png
C0121|P0269,R02_Tick.png
C0121|P0270,R02_0.png
C0121|P0271,R02_Tick.png
C0121|P0272,R02_Tick.png
C0121|P0273,R02_0.png
C0121|P0274,R02_0.png
C0121|P0275,R02_0.png
C0121|P0276,R02_0.png
C0121|P0277,R02_IB027.png
C0122|P0179,R01_Tick.png
C0122|P0180,R01_0.png
C0122|P0181,R01_Tick.png
C0122|P0182,R01_0.png
C0122|P0183,R01_0.png
C0122|P0184,R01_Tick.png
C0122|P0185,R02_AD001.png
C0122|P0186,R02_Tick.png
C0122|P0187,R02_IB012_IB024.png
C0122|P0188,R02_Tick.png
C0122|P0189,R02_Tick.png
C0122|P0190,R02_0.png
C0122|P0191,R02_0.png
C0122|P0192,R02_0.png
C0122|P0193,R02_Tick.png
C0122|P0194,R02_IB057.png
C0122|P0196,R02_0.png
C0122|P0197,R02_0.png
C0122|P0198,R02_0.png
C0122|P0199,R02_0.png
C0122|P0200,R02_Tick.png
C0122|P0201,R02_Tick.png
C0122|P0202,R02_0.png
C0122|P0203,R02_IB028.png
C0122|P0204,R02_0.png
C0122|P0205,R02_0.png
C0122|P0207,R02_Tick.png
C0122|P0208,R02_0.png
C0122|P0209,R02_0.png
C0122|P0210,R02_0.png
C0122|P0211,R02_0.png
C0122|P0212,R02_0.png
C0122|P0213,R02_0.png
C0122|P0214,R02_0.png
C0122|P0215,R02_IB040.png
C0122|P0216,R02_0.png
C0122|P0217,R02_0.png
C0122|P0218,R02_0.png
C0122|P0219,R02_0.png
C0122|P0220,R02_0.png
C0122|P0221,R02_0.png
C0122|P0222,R02_Tick.png
C0123|P0179,R01_Tick.png
C0123|P0180,R01_Tick.png
C0123|P0181,R01_0.png
C0123|P0182,R01_0.png
C0123|P0183,R01_Tick.png
C0123|P0184,R02_AD001.png
C0123|P0185,R02_Tick.png
C0123|P0186,R02_0.png
C0123|P0187,R02_Tick.png
C0123|P0188,R02_Tick.png
C0123|P0189,R02_Tick.png
C0123|P0190,R02_Tick.png
C0123|P0191,R02_0.png
C0123|P0192,R02_IB024.png
C0123|P0193,R02_Tick.png
C0123|P0194,R02_IB057.png
C0123|P0196,R02_Tick.png
C0123|P0197,R02_Tick.png
C0123|P0198,R02_0.png
C0123|P0199,R02_0.png
C0123|P0200,R02_Tick.png
C0123|P0201,R02_Tick.png
C0123|P0202,R02_0.png
C0123|P0203,R02_IB028.png
C0124|P0179,R01_Tick.png
C0124|P0180,R01_Tick.png
C0124|P0181,R01_Tick.png
C0124|P0182,R01_0.png
C0124|P0183,R01_Tick.png
C0124|P0184,R01_0.png
C0124|P0185,R02_AD001.png
C0124|P0186,R02_Tick.png
C0124|P0187,R02_IB024.png
C0124|P0188,R02_0.png
C0124|P0189,R02_Tick.png
C0124|P0190,R02_Tick.png
C0124|P0191,R02_0.png
C0124|P0192,R02_0.png
C0124|P0193,R02_Tick.png
C0124|P0194,R02_IB057.png
C0124|P0196,R02_Tick.png
C0124|P0197,R02_Tick.png
C0124|P0198,R02_0.png
C0124|P0199,R02_0.png
C0124|P0200,R02_Tick.png
C0124|P0201,R02_Tick.png
C0124|P0202,R02_0.png
C0124|P0203,R02_IB028.png
C0124|P0204,R02_0.png
C0124|P0205,R02_0.png
C0124|P0207,R02_0.png
C0124|P0208,R02_0.png
C0124|P0209,R02_0.png
C0124|P0210,R02_0.png
C0124|P0211,R02_Tick.png
C0124|P0212,R02_Tick.png
C0124|P0213,R02_Tick.png
C0124|P0214,R02_Tick.png
C0124|P0215,R02_Tick.png
C0124|P0216,R02_0.png
C0124|P0217,R02_Tick.png
C0124|P0218,R02_Tick.png
C0124|P0219,R02_Tick.png
C0124|P0220,R02_Tick.png
C0124|P0221,R02_Tick.png
C0124|P0222,R02_0.png
C0124|P0223,R02_0.png
C0124|P0224,R02_IB047.png
C0124|P0225,R02_0.png
C0124|P0226,R02_Tick.png
C0124|P0227,R02_0.png
C0124|P0228,R02_0.png
C0124|P0229,R02_0.png
C0124|P0230,R02_Tick.png
C0124|P0231,R02_AD005.png
C0124|P0232,R02_0.png
C0124|P0233,R02_0.png
C0124|P0234,R02_Tick.png
C0124|P0235,R02_Tick.png
C0124|P0236,R02_Tick.png
C0124|P0237,R02_0.png
C0124|P0238,R02_Tick.png
C0124|P0239,R02_Tick.png
C0124|P0240,R02_Tick.png
C0124|P0241,R02_Tick.png
C0124|P0242,R02_0.png
C0124|P0243,R02_0.png
C0124|P0244,R02_Tick.png
C0124|P0245,R02_0.png
C0124|P0246,R02_0.png
C0124|P0247,R02_0.png
C0124|P0248,R02_Tick.png
C0124|P0249,R02_Tick.png
C0124|P0250,R02_0.png
C0124|P0251,R02_Tick.png
C0124|P0252,R02_Tick.png
C0124|P0253,R02_0.png
C0124|P0254,R02_0.png
C0124|P0255,R03_Second.png
C0124|P0256,R03_0.png
C0124|P0257,R03_Tick.png
C0124|P0258,R03_Tick.png
C0124|P0259,R03_AD003.png
C0124|P0260,R03_0.png
C0124|P0261,R03_Tick.png
C0124|P0262,R03_0.png
C0124|P0263,R03_Tick.png
C0124|P0264,R03_0.png
C0124|P0265,R03_0.png
C0124|P0266,R03_0.png
C0124|P0267,R03_AD004.png
C0124|P0268,R03_0.png
C0124|P0269,R03_Tick.png
C0124|P0270,R03_Tick.png
C0124|P0271,R03_Tick.png
C0124|P0272,R03_Tick.png
C0124|P0273,R03_Tick.png
C0124|P0274,R03_0.png
C0124|P0275,R03_0.png
C0124|P0276,R03_0.png
C0124|P0277,R03_0.png
C0124|P0278,R03_IB027.png
C0124|P0279,R03_0.png
C0124|P0280,R03_Tick.png
C0124|P0281,R03_Tick.png
C0124|P0282,R03_0.png
C0124|P0283,R03_IB049_IB059.png
C0124|P0284,R03_0.png
C0124|P0285,R03_0.png
C0124|P0286,R03_Tick.png
C0124|P0287,R03_AD002_AD006.png
C0124|P0288,R03_Tick.png
C0124|P0289,R03_Tick.png
C0124|P0290,R03_0.png
C0124|P0291,R03_Tick.png
C0124|P0292,R03_0.png
C0124|P0293,R03_0.png
C0124|P0294,R03_Tick.png
C0124|P0296,R03_Tick.png
C0124|P0297,R03_Tick.png
C0124|P0298,R03_0.png
C0124|P0299,R03_0.png
C0124|P0300,R03_Tick.png
C0124|P0301,R03_Tick.png
C0124|P0302,R03_0.png
C0124|P0306,R03_0.png
C0124|P0307,R03_0.png
C0124|P0308,R03_Tick.png
C0124|P0309,R03_0.png
C0124|P0310,R03_AD010_IB021.png
C0124|P0311,R03_Tick.png
C0124|P0312,R03_0.png
C0124|P0313,R03_Tick.png
C0124|P0314,R04_Sixer.png
C0124|P0315,R04_Tick.png
C0124|P0317,R04_Tick.png
C0124|P0318,R04_Tick.png
C0124|P0319,R04_Tick.png
C0124|P0320,R04_IB043.png
C0124|P0321,R04_0.png
C0124|P0322,R04_Tick.png
C0124|P0324,R04_AD009.png
C0124|P0325,R04_Tick.png
C0124|P0326,R04_Tick.png
C0124|P0327,R04_0.png
C0124|P0328,R04_IB034_IB061.png
C0124|P0329,R04_0.png
C0124|P0330,R04_Tick.png
C0124|P0332,R04_Tick.png
C0124|P0333,R04_AD007_AD008_AD011_AD013.png
C0125|P0179,R01_Tick.png
C0125|P0180,R01_Tick.png
C0125|P0181,R01_Tick.png
C0125|P0182,R01_Tick.png
C0125|P0183,R01_Tick.png
C0125|P0184,R02_AD001.png
C0125|P0185,R02_Tick.png
C0125|P0186,R02_Tick.png
C0125|P0187,R02_IB012.png
C0125|P0188,R02_Tick.png
C0125|P0189,R02_Tick.png
C0125|P0190,R02_Tick.png
C0125|P0191,R02_0.png
C0125|P0192,R02_0.png
C0125|P0193,R02_0.png
C0125|P0194,R02_0.png
C0125|P0196,R02_0.png
C0125|P0197,R02_IB024.png
C0125|P0198,R02_Tick.png
C0125|P0199,R02_Tick.png
C0125|P0200,R02_Tick.png
C0125|P0201,R02_Tick.png
C0125|P0202,R02_0.png
C0125|P0203,R02_IB013_IB028.png
C0125|P0204,R02_Tick.png
C0125|P0205,R02_Tick.png
C0125|P0207,R02_Tick.png
C0125|P0208,R02_Tick.png
C0125|P0209,R02_Tick.png
C0125|P0210,R02_IB040.png
C0125|P0211,R02_Tick.png
C0125|P0212,R02_Tick.png
C0125|P0213,R02_0.png
C0125|P0214,R02_Tick.png
C0125|P0215,R02_Tick.png
C0125|P0216,R02_Tick.png
C0125|P0217,R02_Tick.png
C0125|P0218,R02_Tick.png
C0125|P0219,R02_0.png
C0125|P0220,R02_0.png
C0125|P0221,R02_0.png
C0125|P0222,R02_AD004.png
C0125|P0223,R02_Tick.png
C0125|P0224,R02_IB047.png
C0125|P0225,R02_Tick.png
C0125|P0226,R02_Tick.png
C0125|P0227,R02_Tick.png
C0125|P0228,R02_Tick.png
C0125|P0229,R02_0.png
C0125|P0230,R02_0.png
C0125|P0231,R02_0.png
C0125|P0232,R03_Second.png
C0125|P0233,R03_AD002_AD005_IB003.png
C0125|P0234,R03_Tick.png
C0125|P0235,R03_0.png
C0125|P0236,R03_Tick.png
C0125|P0237,R03_Tick.png
C0125|P0238,R03_Tick.png
C0125|P0239,R03_Tick.png
C0125|P0240,R03_Tick.png
C0125|P0241,R03_Tick.png
C0125|P0242,R03_Tick.png
C0125|P0243,R03_0.png
C0125|P0244,R03_0.png
C0125|P0245,R03_0.png
C0125|P0246,R03_0.png
C0125|P0247,R03_AD003_AD006.png
C0125|P0248,R03_Tick.png
C0125|P0249,R03_0.png
C0125|P0250,R03_Tick.png
C0125|P0251,R03_0.png
C0125|P0252,R03_0.png
C0125|P0253,R03_0.png
C0125|P0254,R04_Sixer.png
C0125|P0255,R04_Tick.png
C0125|P0256,R04_Tick.png
C0125|P0257,R04_Tick.png
C0125|P0258,R04_0.png
C0125|P0259,R04_Tick.png
C0125|P0260,R04_0.png
C0125|P0261,R04_Tick.png
C0125|P0262,R04_Tick.png
C0125|P0263,R04_Tick.png
C0125|P0264,R04_0.png
C0125|P0265,R04_0.png
C0125|P0266,R04_Tick.png
C0125|P0267,R04_Tick.png
C0125|P0268,R04_Tick.png
C0125|P0269,R04_Tick.png
C0125|P0270,R04_Tick.png
C0125|P0271,R04_0.png
C0125|P0272,R04_Tick.png
C0125|P0273,R04_0.png
C0125|P0274,R04_Tick.png
C0125|P0275,R04_Tick.png
C0125|P0276,R04_Tick.png
C0125|P0277,R04_0.png
C0125|P0278,R04_0.png
C0125|P0279,R04_IB006_IB038.png
C0125|P0280,R04_Tick.png
C0125|P0281,R04_Tick.png
C0125|P0282,R04_0.png
C0125|P0283,R04_IB049.png
C0125|P0284,R04_Tick.png
C0125|P0285,R04_0.png
C0125|P0286,R04_IB057.png
C0125|P0287,R04_Tick.png
C0125|P0288,R04_Tick.png
C0125|P0289,R04_0.png
C0125|P0290,R04_Tick.png
C0125|P0291,R04_0.png
C0125|P0292,R04_0.png
C0125|P0293,R04_0.png
C0125|P0294,R04_0.png
C0125|P0296,R04_AD010.png
C0125|P0297,R04_Tick.png
C0125|P0298,R04_Tick.png
C0125|P0299,R04_Tick.png
C0125|P0300,R04_0.png
C0125|P0302,R04_Tick.png
C0125|P0306,R04_0.png
C0125|P0307,R04_0.png
C0125|P0309,R04_Tick.png
C0125|P0310,R04_Tick.png
C0125|P0311,R04_AD008_AD009.png
C0125|P0312,R04_AD007_AD011.png
C0126|P0179,R01_Tick.png
C0126|P0180,R01_0.png
C0126|P0181,R01_Tick.png
C0126|P0182,R01_Tick.png
C0126|P0183,R01_Tick.png
C0126|P0184,R01_Tick.png
C0126|P0185,R01_0.png
C0126|P0186,R01_0.png
C0126|P0187,R02_AD001_IB024.png
C0126|P0188,R02_0.png
C0126|P0189,R02_Tick.png
C0126|P0190,R02_Tick.png
C0126|P0191,R02_0.png
C0126|P0192,R02_Tick.png
C0126|P0193,R02_0.png
C0126|P0194,R02_IB057.png
C0126|P0196,R02_Tick.png
C0126|P0197,R02_Tick.png
C0126|P0198,R02_0.png
C0126|P0199,R02_Tick.png
C0126|P0200,R02_Tick.png
C0126|P0201,R02_0.png
C0126|P0202,R02_Tick.png
C0126|P0203,R02_Tick.png
C0126|P0204,R02_0.png
C0126|P0205,R02_0.png
C0126|P0207,R02_Tick.png
C0126|P0208,R02_0.png
C0126|P0209,R02_0.png
C0126|P0210,R02_Tick.png
C0126|P0211,R02_Tick.png
C0126|P0212,R02_Tick.png
C0126|P0213,R02_Tick.png
C0126|P0214,R02_Tick.png
C0126|P0215,R02_Tick.png
C0126|P0216,R02_Tick.png
C0126|P0217,R02_0.png
C0126|P0218,R02_0.png
C0126|P0219,R02_Tick.png
C0126|P0220,R02_Tick.png
C0126|P0221,R02_Tick.png
C0126|P0222,R02_Tick.png
C0126|P0223,R02_Tick.png
C0126|P0224,R02_IB047.png
C0126|P0225,R02_0.png
C0126|P0226,R02_Tick.png
C0126|P0227,R02_0.png
C0126|P0228,R02_0.png
C0126|P0229,R02_0.png
C0126|P0230,R02_0.png
C0126|P0231,R02_Tick.png
C0126|P0232,R02_Tick.png
C0126|P0233,R02_Tick.png
C0126|P0234,R02_Tick.png
C0126|P0235,R02_0.png
C0126|P0236,R02_Tick.png
C0126|P0237,R02_0.png
C0126|P0238,R02_Tick.png
C0127|P0181,R01_Tick.png
C0128|P0181,R01_Tick.png
C0128|P0182,R01_0.png
C0128|P0183,R01_0.png
C0128|P0184,R01_Tick.png
C0128|P0185,R02_AD001.png
C0128|P0186,R02_Tick.png
C0128|P0187,R02_IB012.png
C0128|P0188,R02_0.png
C0128|P0189,R02_Tick.png
C0128|P0190,R02_Tick.png
C0128|P0191,R02_Tick.png
C0128|P0192,R02_IB024.png
C0128|P0193,R02_Tick.png
C0128|P0194,R02_IB057.png
C0128|P0196,R02_0.png
C0128|P0197,R02_0.png
C0128|P0198,R02_0.png
C0128|P0199,R02_Tick.png
C0128|P0200,R02_Tick.png
C0128|P0201,R02_Tick.png
C0128|P0202,R02_0.png
C0128|P0203,R02_IB028.png
C0128|P0204,R02_Tick.png
C0128|P0205,R02_0.png
C0128|P0207,R02_0.png
C0128|P0208,R02_Tick.png
C0128|P0209,R02_0.png
C0128|P0210,R02_IB040.png
C0128|P0211,R02_0.png
C0128|P0212,R02_Tick.png
C0128|P0213,R02_Tick.png
C0128|P0214,R02_Tick.png
C0128|P0215,R02_Tick.png
C0128|P0216,R02_Tick.png
C0128|P0217,R02_Tick.png
C0128|P0218,R02_Tick.png
C0128|P0219,R02_Tick.png
C0128|P0220,R02_Tick.png
C0128|P0221,R02_Tick.png
C0128|P0222,R02_Tick.png
C0128|P0223,R02_IB070.png
C0128|P0224,R02_IB047.png
C0128|P0225,R02_Tick.png
C0128|P0226,R02_Tick.png
C0128|P0227,R02_Tick.png
C0128|P0228,R02_Tick.png
C0128|P0229,R02_Tick.png
C0128|P0230,R02_Tick.png
C0128|P0231,R02_Tick.png
C0128|P0232,R02_0.png
C0128|P0233,R02_Tick.png
C0128|P0234,R02_Tick.png
C0128|P0235,R02_Tick.png
C0128|P0236,R02_Tick.png
C0128|P0237,R02_Tick.png
C0128|P0238,R02_0.png
C0128|P0239,R02_Tick.png
C0128|P0240,R02_Tick.png
C0128|P0241,R02_Tick.png
C0128|P0242,R02_Tick.png
C0128|P0243,R02_Tick.png
C0128|P0244,R02_AD004_AD005.png
C0128|P0245,R02_0.png
C0128|P0246,R02_Tick.png
C0128|P0247,R02_Tick.png
C0128|P0248,R02_0.png
C0128|P0249,R02_0.png
C0128|P0250,R02_Tick.png
C0128|P0251,R02_0.png
C0128|P0252,R02_Tick.png
C0128|P0253,R02_Tick.png
C0128|P0254,R02_IB037.png
C0128|P0255,R02_Tick.png
C0128|P0256,R02_Tick.png
C0128|P0257,R02_0.png
C0128|P0258,R02_0.png
C0128|P0259,R02_Tick.png
C0128|P0260,R02_Tick.png
C0128|P0261,R02_Tick.png
C0128|P0262,R02_Tick.png
C0128|P0263,R02_Tick.png
C0128|P0265,R02_Tick.png
C0128|P0266,R02_0.png
C0128|P0267,R02_AD002.png
C0128|P0268,R02_Tick.png
C0128|P0269,R02_0.png
C0128|P0270,R02_0.png
C0128|P0271,R02_Tick.png
C0128|P0272,R02_Tick.png
C0128|P0273,R02_0.png
C0128|P0274,R02_0.png
C0128|P0275,R02_0.png
C0128|P0276,R02_0.png
C0128|P0277,R02_0.png
C0128|P0278,R02_IB027.png
C0128|P0279,R02_0.png
C0128|P0280,R02_Tick.png
C0128|P0281,R02_Tick.png
C0128|P0282,R02_0.png
C0128|P0283,R02_IB049.png
C0128|P0284,R02_0.png
C0128|P0285,R02_Tick.png
C0128|P0286,R02_0.png
C0128|P0287,R02_Tick.png
C0128|P0289,R02_0.png
C0128|P0290,R02_Tick.png
C0128|P0291,R02_0.png
C0128|P0292,R02_0.png
C0128|P0293,R02_0.png
C0128|P0294,R02_Tick.png
C0128|P0296,R02_Tick.png
C0128|P0298,R02_0.png
C0128|P0299,R02_0.png
C0128|P0300,R02_0.png
C0128|P0302,R02_Tick.png
C0128|P0306,R02_Tick.png
C0128|P0307,R02_Tick.png
C0128|P0308,R02_Tick.png
C0128|P0309,R02_AD010_IB021.png
C0128|P0310,R02_AD007.png
C0128|P0311,R02_0.png
C0128|P0312,R02_Tick.png
C0128|P0313,R02_Tick.png
C0128|P0314,R03_Second.png
C0128|P0315,R03_Tick.png
C0128|P0317,R03_Tick.png
C0128|P0318,R03_Tick.png
C0128|P0319,R03_Tick.png
C0128|P0320,R03_IB043.png
C0128|P0321,R03_0.png
C0128|P0326,R03_Tick.png
C0128|P0327,R03_0.png
C0128|P0328,R03_Tick.png
C0128|P0329,R03_Tick.png
C0128|P0330,R03_0.png
C0128|P0332,R03_Tick.png
C0128|P0333,R03_Tick.png
C0128|P0334,R03_IB018_IB034.png
C0128|P0335,R03_0.png
C0128|P0337,R03_0.png
C0128|P0338,R03_Tick.png
C0128|P0339,R03_Tick.png
C0128|P0340,R04_Sixer.png
C0128|P0341,R04_Tick.png
C0128|P0343,R04_0.png
C0128|P0347,R04_AD003_AD006_AD008_AD009.png
C0128|P0348,R04_Tick.png
C0128|P0349,R04_AD011_AD013.png
C0129|P0179,R01_0.png
C0129|P0180,R01_0.png
C0129|P0181,R01_0.png
C0129|P0182,R01_Tick.png
C0129|P0183,R01_Tick.png
C0129|P0184,R01_Tick.png
C0129|P0185,R02_AD001.png
C0129|P0186,R02_0.png
C0129|P0187,R02_Tick.png
C0129|P0188,R02_Tick.png
C0129|P0189,R02_Tick.png
C0129|P0190,R02_Tick.png
C0129|P0191,R02_0.png
C0129|P0192,R02_0.png
C0129|P0193,R02_Tick.png
C0129|P0194,R02_Tick.png
C0129|P0196,R02_Tick.png
C0129|P0197,R02_Tick.png
C0130|P0184,R01_Tick.png
C0130|P0185,R02_AD001.png
C0130|P0186,R02_0.png
C0130|P0187,R02_0.png
C0130|P0188,R02_0.png
C0130|P0189,R02_Tick.png
C0130|P0190,R02_Tick.png
C0130|P0191,R02_0.png
C0130|P0192,R02_0.png
C0130|P0193,R02_0.png
C0130|P0194,R02_IB024_IB057.png
C0130|P0214,R02_0.png
C0130|P0215,R02_0.png
C0130|P0216,R02_0.png
C0130|P0217,R02_0.png
C0130|P0218,R02_0.png
C0130|P0219,R02_0.png
C0130|P0220,R02_0.png
C0130|P0221,R02_0.png
C0130|P0222,R02_Tick.png
C0130|P0223,R02_0.png
C0130|P0224,R02_IB047.png
C0131|P0186,R01_Tick.png
C0131|P0187,R01_Tick.png
C0131|P0188,R01_Tick.png
C0132|P0186,R01_Tick.png
C0132|P0187,R01_Tick.png
C0132|P0188,R01_Tick.png
C0133|P0188,R01_Tick.png
C0133|P0189,R01_0.png
C0133|P0190,R01_0.png
C0133|P0191,R01_0.png
C0133|P0192,R01_0.png
C0133|P0193,R01_Tick.png
C0134|P0188,R01_Tick.png
C0134|P0189,R01_Tick.png
C0134|P0190,R01_Tick.png
C0134|P0191,R01_Tick.png
C0134|P0192,R01_Tick.png
C0134|P0193,R02_AD001.png
C0134|P0194,R02_IB057.png
C0134|P0196,R02_0.png
C0134|P0197,R02_Tick.png
C0134|P0198,R02_Tick.png
C0134|P0199,R02_Tick.png
C0134|P0200,R02_0.png
C0134|P0201,R02_Tick.png
C0134|P0202,R02_Tick.png
C0134|P0203,R02_IB028.png
C0134|P0204,R02_0.png
C0134|P0205,R02_Tick.png
C0134|P0207,R02_0.png
C0134|P0208,R02_Tick.png
C0134|P0209,R02_Tick.png
C0134|P0210,R02_0.png
C0134|P0211,R02_0.png
C0134|P0212,R02_0.png
C0134|P0213,R02_0.png
C0134|P0214,R02_IB040.png
C0134|P0215,R02_0.png
C0134|P0216,R02_Tick.png
C0134|P0217,R02_0.png
C0134|P0218,R02_0.png
C0134|P0219,R02_Tick.png
C0134|P0220,R02_IB024.png
C0134|P0221,R02_Tick.png
C0135|P0189,R01_Tick.png
C0135|P0190,R01_Tick.png
C0135|P0191,R01_0.png
C0135|P0192,R01_0.png
C0135|P0193,R01_Tick.png
C0135|P0194,R01_IB057.png
C0135|P0196,R02_AD001.png
C0135|P0197,R02_Tick.png
C0135|P0198,R02_Tick.png
C0135|P0199,R02_0.png
C0135|P0200,R02_Tick.png
C0135|P0201,R02_Tick.png
C0135|P0202,R02_0.png
C0135|P0203,R02_0.png
C0135|P0204,R02_IB013_IB028.png
C0135|P0205,R02_0.png
C0135|P0207,R02_Tick.png
C0135|P0208,R02_Tick.png
C0135|P0209,R02_Tick.png
C0135|P0210,R02_0.png
C0135|P0211,R02_IB040.png
C0135|P0212,R02_0.png
C0135|P0213,R02_0.png
C0135|P0214,R02_0.png
C0135|P0215,R04_Sixer.png
C0135|P0216,R04_Tick.png
C0135|P0217,R04_Tick.png
C0135|P0218,R04_IB021.png
C0135|P0219,R04_Tick.png
C0135|P0220,R04_IB024.png
C0136|P0188,R01_Tick.png
C0136|P0189,R01_0.png
C0136|P0190,R01_0.png
C0136|P0191,R01_0.png
C0136|P0192,R01_0.png
C0136|P0193,R01_Tick.png
C0137|P0188,R01_Tick.png
C0137|P0189,R01_0.png
C0137|P0190,R01_0.png
C0137|P0191,R01_0.png
C0137|P0192,R01_0.png
C0137|P0193,R01_Tick.png
C0138|P0188,R01_Tick.png
C0138|P0189,R01_Tick.png
C0138|P0190,R01_Tick.png
C0138|P0191,R01_Tick.png
C0138|P0192,R01_Tick.png
C0138|P0193,R02_AD001.png
C0138|P0194,R02_IB057.png
C0138|P0196,R02_Tick.png
C0138|P0197,R02_Tick.png
C0138|P0198,R02_Tick.png
C0138|P0199,R02_0.png
C0138|P0200,R02_Tick.png
C0138|P0201,R02_Tick.png
C0138|P0202,R02_0.png
C0138|P0203,R02_IB028.png
C0138|P0204,R02_IB015.png
C0138|P0205,R02_Tick.png
C0138|P0207,R02_Tick.png
C0139|P0188,R01_Tick.png
C0139|P0189,R01_Tick.png
C0139|P0190,R01_Tick.png
C0139|P0191,R01_Tick.png
C0139|P0192,R01_Tick.png
C0139|P0193,R02_AD001.png
C0139|P0194,R02_IB057.png
C0139|P0196,R02_Tick.png
C0139|P0197,R02_Tick.png
C0139|P0198,R02_Tick.png
C0139|P0199,R02_0.png
C0139|P0200,R02_Tick.png
C0139|P0201,R02_IB028.png
C0139|P0202,R02_Tick.png
C0139|P0203,R02_Tick.png
C0139|P0204,R02_IB013_IB015.png
C0139|P0205,R02_Tick.png
C0139|P0207,R02_Tick.png
C0139|P0208,R02_Tick.png
C0139|P0209,R02_Tick.png
C0139|P0210,R02_IB040.png
C0139|P0211,R02_Tick.png
C0139|P0212,R02_Tick.png
C0139|P0213,R02_Tick.png
C0139|P0214,R02_Tick.png
C0139|P0215,R02_0.png
C0139|P0216,R02_Tick.png
C0139|P0217,R02_Tick.png
C0139|P0218,R02_Tick.png
C0139|P0219,R02_Tick.png
C0139|P0220,R02_IB024.png
C0139|P0221,R02_Tick.png
C0139|P0222,R02_Tick.png
C0139|P0223,R02_Tick.png
C0139|P0224,R02_IB047.png
C0139|P0225,R02_Tick.png
C0139|P0226,R02_Tick.png
C0139|P0227,R02_Tick.png
C0139|P0228,R02_Tick.png
C0139|P0229,R02_Tick.png
C0139|P0230,R02_IB059.png
C0139|P0231,R02_AD002_AD004.png
C0139|P0232,R02_Tick.png
C0139|P0233,R02_Tick.png
C0139|P0234,R02_Tick.png
C0139|P0235,R02_Tick.png
C0139|P0236,R02_Tick.png
C0139|P0237,R02_Tick.png
C0139|P0238,R02_IB031.png
C0139|P0239,R02_Tick.png
C0139|P0240,R02_Tick.png
C0139|P0241,R02_Tick.png
C0139|P0242,R02_0.png
C0139|P0243,R02_IB044.png
C0139|P0244,R02_0.png
C0139|P0245,R02_IB042.png
C0139|P0246,R02_0.png
C0139|P0247,R02_Tick.png
C0139|P0248,R02_Tick.png
C0139|P0249,R02_Tick.png
C0139|P0250,R02_Tick.png
C0139|P0251,R02_Tick.png
C0139|P0252,R02_Tick.png
C0139|P0253,R02_Tick.png
C0139|P0254,R02_AD003_IB037.png
C0139|P0255,R02_0.png
C0139|P0256,R02_Tick.png
C0139|P0257,R02_0.png
C0139|P0258,R02_Tick.png
C0139|P0259,R02_AD005.png
C0139|P0260,R02_Tick.png
C0139|P0261,R02_0.png
C0139|P0262,R02_Tick.png
C0139|P0263,R02_AD006.png
C0139|P0264,R02_0.png
C0139|P0265,R02_0.png
C0139|P0266,R02_0.png
C0139|P0267,R02_IB016_IB036.png
C0139|P0268,R02_Tick.png
C0139|P0269,R02_Tick.png
C0139|P0270,R02_0.png
C0139|P0271,R02_Tick.png
C0139|P0272,R02_0.png
C0139|P0273,R02_Tick.png
C0139|P0274,R02_0.png
C0139|P0275,R02_Tick.png
C0139|P0276,R02_Tick.png
C0139|P0277,R02_Tick.png
C0139|P0278,R02_0.png
C0139|P0279,R02_IB027_IB038.png
C0139|P0280,R02_Tick.png
C0139|P0281,R02_Tick.png
C0139|P0282,R02_IB049.png
C0139|P0283,R03_Second.png
C0139|P0284,R03_Tick.png
C0139|P0285,R03_Tick.png
C0139|P0286,R03_Tick.png
C0139|P0287,R03_Tick.png
C0139|P0288,R03_Tick.png
C0139|P0289,R03_0.png
C0139|P0290,R03_Tick.png
C0139|P0291,R03_Tick.png
C0139|P0292,R03_Tick.png
C0139|P0293,R03_0.png
C0139|P0294,R03_Tick.png
C0139|P0296,R03_Tick.png
C0139|P0297,R03_Tick.png
C0139|P0298,R03_Tick.png
C0139|P0299,R03_0.png
C0139|P0300,R03_Tick.png
C0139|P0302,R03_0.png
C0139|P0305,R03_Tick.png
C0139|P0306,R03_IB054.png
C0139|P0307,R03_Tick.png
C0139|P0309,R03_Tick.png
C0139|P0310,R03_0.png
C0139|P0311,R03_AD009.png
C0139|P0312,R03_0.png
C0139|P0313,R03_AD007.png
C0139|P0314,R03_Tick.png
C0139|P0315,R03_Tick.png
C0139|P0316,R03_Tick.png
C0139|P0320,R03_Tick.png
C0139|P0321,R03_Tick.png
C0139|P0322,R03_Tick.png
C0139|P0324,R03_Tick.png
C0139|P0325,R03_Tick.png
C0139|P0326,R03_Tick.png
C0139|P0327,R03_AD010_IB002_IB021_IB061.png
C0139|P0328,R03_IB072.png
C0139|P0329,R03_Tick.png
C0139|P0330,R03_Tick.png
C0139|P0331,R03_Tick.png
C0139|P0332,R03_0.png
C0139|P0333,R03_Tick.png
C0139|P0334,R03_IB018.png
C0139|P0335,R03_0.png
C0139|P0336,R03_Tick.png
C0139|P0337,R03_Tick.png
C0139|P0338,R03_0.png
C0139|P0339,R03_Tick.png
C0139|P0340,R04_Sixer.png
C0139|P0341,R04_Tick.png
C0139|P0343,R04_Tick.png
C0139|P0345,R04_Tick.png
C0139|P0346,R04_Tick.png
C0139|P0347,R04_Tick.png
C0139|P0348,R04_0.png
C0139|P0349,R04_Tick.png
C0139|P0350,R04_Tick.png
C0139|P0351,R04_Tick.png
C0139|P0352,R04_Tick.png
C0139|P0354,R04_Tick.png
C0139|P0358,R04_Tick.png
C0139|P0355,R04_IB046.png
C0139|P0357,R04_Tick.png
C0139|P0359,R04_AD008_AD011.png
C0139|P0360,R04_AD012_IB029_IB043.png
C0140|P0189,R01_Tick.png
C0140|P0190,R01_Tick.png
C0140|P0191,R01_Tick.png
C0140|P0192,R01_0.png
C0140|P0193,R01_0.png
C0140|P0194,R02_AD001_IB057.png
C0140|P0196,R02_0.png
C0140|P0197,R02_Tick.png
C0140|P0198,R02_0.png
C0140|P0199,R02_Tick.png
C0140|P0200,R02_Tick.png
C0140|P0201,R02_0.png
C0140|P0202,R02_0.png
C0140|P0203,R02_Tick.png
C0140|P0204,R02_Tick.png
C0140|P0205,R02_0.png
C0140|P0207,R02_0.png
C0140|P0208,R02_0.png
C0140|P0209,R02_0.png
C0140|P0210,R02_0.png
C0140|P0211,R02_0.png
C0140|P0212,R02_Tick.png
C0140|P0213,R02_Tick.png
C0140|P0214,R02_0.png
C0140|P0215,R02_Tick.png
C0141|P0189,R01_Tick.png
C0141|P0190,R01_Tick.png
C0142|P0190,R01_Tick.png
C0142|P0191,R01_0.png
C0142|P0192,R01_Tick.png
C0142|P0193,R01_Tick.png
C0142|P0194,R01_Tick.png
C0143|P0193,R01_Tick.png
C0143|P0194,R01_0.png
C0143|P0196,R01_0.png
C0143|P0197,R01_0.png
C0143|P0198,R01_Tick.png
C0143|P0199,R01_Tick.png
C0143|P0200,R01_Tick.png
C0143|P0201,R01_IB028.png
C0143|P0202,R01_Tick.png
C0143|P0203,R01_Tick.png
C0143|P0204,R02_AD001_IB015.png
C0143|P0205,R02_Tick.png
C0143|P0207,R02_Tick.png
C0143|P0208,R02_Tick.png
C0143|P0209,R02_Tick.png
C0143|P0210,R02_IB040.png
C0143|P0211,R02_Tick.png
C0143|P0212,R02_Tick.png
C0143|P0213,R02_Tick.png
C0143|P0214,R02_Tick.png
C0143|P0215,R03_Second.png
C0143|P0216,R03_Tick.png
C0143|P0217,R03_Tick.png
C0143|P0218,R03_IB021.png
C0143|P0219,R03_Tick.png
C0143|P0220,R03_IB022.png
C0143|P0221,R03_Tick.png
C0144|P0193,R01_Tick.png
C0144|P0194,R01_0.png
C0144|P0196,R01_0.png
C0144|P0197,R01_0.png
C0144|P0198,R01_Tick.png
C0144|P0199,R01_Tick.png
C0144|P0200,R01_Tick.png
C0144|P0201,R01_IB028.png
C0144|P0202,R01_Tick.png
C0144|P0203,R01_Tick.png
C0144|P0204,R02_AD001_IB015.png
C0144|P0205,R02_Tick.png
C0144|P0207,R02_Tick.png
C0144|P0208,R02_Tick.png
C0144|P0209,R02_Tick.png
C0144|P0210,R02_IB040.png
C0144|P0211,R02_Tick.png
C0144|P0212,R02_Tick.png
C0144|P0213,R02_Tick.png
C0144|P0214,R02_Tick.png
C0144|P0215,R02_Tick.png
C0144|P0216,R02_Tick.png
C0144|P0217,R02_Tick.png
C0144|P0218,R02_Tick.png
C0144|P0219,R02_Tick.png
C0144|P0220,R02_IB024.png
C0144|P0221,R02_Tick.png
C0144|P0222,R02_Tick.png
C0144|P0223,R02_Tick.png
C0144|P0224,R02_IB047.png
C0144|P0225,R02_Tick.png
C0144|P0226,R02_0.png
C0144|P0227,R02_0.png
C0144|P0228,R02_0.png
C0144|P0229,R02_Tick.png
C0144|P0230,R02_Tick.png
C0144|P0231,R02_0.png
C0144|P0232,R02_Tick.png
C0144|P0233,R02_Tick.png
C0144|P0234,R02_Tick.png
C0144|P0235,R02_Tick.png
C0144|P0236,R02_0.png
C0144|P0237,R02_0.png
C0144|P0238,R02_Tick.png
C0144|P0239,R02_0.png
C0144|P0240,R02_Tick.png
C0144|P0241,R02_0.png
C0144|P0242,R02_0.png
C0144|P0243,R02_Tick.png
C0144|P0244,R02_Tick.png
C0144|P0245,R02_Tick.png
C0144|P0246,R02_0.png
C0144|P0247,R02_0.png
C0144|P0248,R02_Tick.png
C0144|P0249,R02_0.png
C0144|P0250,R02_Tick.png
C0144|P0251,R02_Tick.png
C0144|P0252,R02_Tick.png
C0144|P0253,R02_Tick.png
C0144|P0254,R03_Second_IB037_IB057.png
C0144|P0255,R03_Tick.png
C0144|P0256,R03_Tick.png
C0144|P0257,R03_0.png
C0144|P0258,R03_Tick.png
C0144|P0259,R03_0.png
C0144|P0260,R03_Tick.png
C0144|P0261,R03_0.png
C0144|P0262,R03_Tick.png
C0144|P0263,R03_0.png
C0144|P0264,R03_0.png
C0144|P0265,R03_0.png
C0144|P0266,R03_0.png
C0144|P0267,R03_Tick.png
C0144|P0268,R03_Tick.png
C0144|P0269,R03_Tick.png
C0144|P0270,R03_Tick.png
C0144|P0271,R03_0.png
C0144|P0272,R03_Tick.png
C0144|P0273,R03_Tick.png
C0144|P0274,R03_0.png
C0144|P0275,R03_0.png
C0144|P0276,R03_0.png
C0144|P0277,R03_Tick.png
C0145|P0193,R01_Tick.png
C0145|P0194,R01_IB057.png
C0145|P0196,R01_Tick.png
C0145|P0197,R01_Tick.png
C0145|P0198,R01_Tick.png
C0145|P0199,R01_0.png
C0145|P0200,R01_Tick.png
C0145|P0201,R01_0.png
C0145|P0202,R01_0.png
C0145|P0203,R02_AD001_IB028.png
C0145|P0204,R02_0.png
C0145|P0205,R02_Tick.png
C0145|P0207,R02_0.png
C0145|P0208,R02_Tick.png
C0145|P0209,R02_Tick.png
C0145|P0210,R02_0.png
C0145|P0211,R02_IB039.png
C0145|P0212,R02_Tick.png
C0145|P0213,R02_Tick.png
C0145|P0214,R02_0.png
C0145|P0215,R03_Second.png
C0145|P0216,R03_Tick.png
C0145|P0217,R03_Tick.png
C0145|P0218,R03_IB021.png
C0145|P0219,R03_Tick.png
C0145|P0220,R03_IB024.png
C0145|P0221,R03_0.png
C0145|P0222,R03_0.png
C0145|P0223,R03_0.png
C0145|P0224,R03_IB047.png
C0145|P0225,R03_Tick.png
C0145|P0226,R03_Tick.png
C0145|P0227,R03_Tick.png
C0145|P0228,R03_Tick.png
C0145|P0229,R03_0.png
C0145|P0230,R03_0.png
C0145|P0231,R04_Sixer.png
C0145|P0232,R04_Tick.png
C0145|P0233,R04_Tick.png
C0145|P0234,R04_Tick.png
C0145|P0235,R04_Tick.png
C0145|P0236,R04_0.png
C0145|P0237,R04_0.png
C0145|P0238,R04_Tick.png
C0145|P0239,R04_Tick.png
C0145|P0240,R04_Tick.png
C0145|P0241,R04_0.png
C0145|P0242,R04_0.png
C0145|P0243,R04_IB042.png
C0145|P0244,R04_Tick.png
C0146|P0199,R01_Tick.png
C0147|P0199,R01_Tick.png
C0147|P0200,R01_Tick.png
C0147|P0201,R01_Tick.png
C0147|P0202,R01_0.png
C0147|P0203,R01_IB028.png
C0147|P0204,R01_0.png
C0147|P0205,R01_0.png
C0147|P0207,R02_AD001.png
C0147|P0208,R02_Tick.png
C0147|P0209,R02_0.png
C0147|P0210,R02_IB039.png
C0147|P0211,R02_Tick.png
C0147|P0212,R02_Tick.png
C0147|P0213,R02_Tick.png
C0147|P0214,R02_0.png
C0147|P0215,R02_Tick.png
C0147|P0216,R02_0.png
C0147|P0217,R02_Tick.png
C0147|P0218,R02_0.png
C0147|P0219,R02_Tick.png
C0147|P0220,R02_Tick.png
C0147|P0221,R02_Tick.png
C0148|P0199,R01_Tick.png
C0148|P0200,R01_0.png
C0148|P0201,R01_Tick.png
C0148|P0202,R01_0.png
C0148|P0203,R01_IB028.png
C0148|P0204,R02_AD001.png
C0148|P0205,R02_0.png
C0148|P0207,R02_0.png
C0148|P0208,R02_0.png
C0148|P0209,R02_0.png
C0148|P0210,R02_Tick.png
C0148|P0211,R02_0.png
C0148|P0212,R02_Tick.png
C0148|P0213,R02_Tick.png
C0148|P0214,R02_0.png
C0148|P0215,R02_Tick.png
C0148|P0216,R02_0.png
C0148|P0217,R02_Tick.png
C0148|P0218,R02_0.png
C0148|P0219,R02_Tick.png
C0148|P0220,R02_IB024.png
C0148|P0221,R02_Tick.png
C0149|P0199,R01_Tick.png
C0150|P0201,R01_IB028.png
C0150|P0202,R01_0.png
C0150|P0203,R01_Tick.png
C0150|P0204,R01_0.png
C0150|P0205,R01_0.png
C0150|P0207,R01_0.png
C0150|P0208,R01_Tick.png
C0150|P0209,R01_Tick.png
C0150|P0210,R01_0.png
C0150|P0211,R01_0.png
C0150|P0212,R02_AD001_IB040.png
C0150|P0213,R02_Tick.png
C0150|P0214,R02_0.png
C0150|P0215,R02_0.png
C0150|P0216,R02_Tick.png
C0150|P0217,R02_Tick.png
C0150|P0218,R02_Tick.png
C0150|P0219,R02_Tick.png
C0150|P0220,R02_0.png
C0150|P0221,R02_Tick.png
C0150|P0222,R02_0.png
C0150|P0223,R02_IB024.png
C0150|P0224,R02_IB047.png
C0150|P0225,R02_Tick.png
C0150|P0226,R02_Tick.png
C0150|P0227,R02_Tick.png
C0150|P0228,R02_Tick.png
C0150|P0229,R02_0.png
C0150|P0230,R03_Second.png
C0150|P0231,R03_Tick.png
C0150|P0232,R03_0.png
C0150|P0233,R03_0.png
C0150|P0234,R03_Tick.png
C0150|P0235,R03_0.png
C0150|P0236,R03_Tick.png
C0150|P0237,R03_0.png
C0150|P0238,R03_0.png
C0150|P0239,R03_0.png
C0150|P0240,R03_IB031.png
C0150|P0241,R03_Tick.png
C0150|P0242,R03_0.png
C0150|P0243,R03_Tick.png
C0150|P0244,R03_0.png
C0150|P0245,R03_0.png
C0150|P0246,R03_0.png
C0150|P0247,R03_0.png
C0150|P0248,R03_0.png
C0150|P0249,R03_Tick.png
C0150|P0250,R03_Tick.png
C0150|P0251,R03_Tick.png
C0150|P0252,R03_Tick.png
C0150|P0253,R03_Tick.png
C0150|P0254,R03_0.png
C0150|P0255,R03_IB037_IB057.png
C0150|P0256,R03_Tick.png
C0150|P0257,R03_Tick.png
C0150|P0258,R03_0.png
C0150|P0259,R03_AD005.png
C0150|P0260,R03_Tick.png
C0150|P0261,R03_Tick.png
C0150|P0262,R03_Tick.png
C0150|P0263,R03_0.png
C0150|P0264,R03_0.png
C0150|P0265,R03_AD004.png
C0150|P0266,R03_Tick.png
C0150|P0267,R03_Tick.png
C0150|P0268,R03_Tick.png
C0150|P0269,R03_Tick.png
C0150|P0270,R03_Tick.png
C0150|P0271,R03_AD002.png
C0150|P0272,R03_0.png
C0150|P0273,R03_0.png
C0150|P0274,R03_Tick.png
C0150|P0275,R03_Tick.png
C0150|P0276,R03_Tick.png
C0150|P0277,R03_Tick.png
C0150|P0278,R03_IB021_IB027_IB038.png
C0150|P0279,R03_Tick.png
C0150|P0280,R03_AD003_AD006.png
C0150|P0281,R03_Tick.png
C0150|P0282,R03_AD009_IB049_IB059.png
C0150|P0283,R04_Sixer.png
C0150|P0284,R04_0.png
C0150|P0285,R04_0.png
C0150|P0286,R04_0.png
C0150|P0287,R04_Tick.png
C0150|P0288,R04_Tick.png
C0150|P0289,R04_0.png
C0150|P0290,R04_Tick.png
C0150|P0291,R04_0.png
C0150|P0292,R04_0.png
C0150|P0293,R04_0.png
C0150|P0294,R04_0.png
C0150|P0296,R04_Tick.png
C0150|P0297,R04_Tick.png
C0150|P0298,R04_Tick.png
C0150|P0299,R04_Tick.png
C0150|P0300,R04_0.png
C0150|P0302,R04_0.png
C0150|P0306,R04_Tick.png
C0150|P0307,R04_Tick.png
C0150|P0309,R04_Tick.png
C0150|P0310,R04_Tick.png
C0150|P0311,R04_AD010.png
C0150|P0312,R04_0.png
C0150|P0313,R04_AD007.png
C0150|P0314,R04_0.png
C0150|P0315,R04_0.png
C0150|P0317,R04_Tick.png
C0150|P0318,R04_Tick.png
C0150|P0319,R04_Tick.png
C0150|P0320,R04_AD008_AD011_IB043.png
C0150|P0321,R04_AD013_IB034.png
C0151|P0204,R01_Tick.png
C0151|P0205,R01_0.png
C0151|P0207,R01_Tick.png
C0151|P0208,R01_Tick.png
C0151|P0209,R01_Tick.png
C0151|P0210,R01_0.png
C0151|P0211,R01_IB040.png
C0151|P0212,R02_AD001.png
C0151|P0213,R02_0.png
C0151|P0214,R02_Tick.png
C0151|P0215,R04_Sixer.png
C0151|P0216,R04_0.png
C0151|P0217,R04_Tick.png
C0151|P0218,R04_Tick.png
C0151|P0219,R04_Tick.png
C0151|P0220,R04_Tick.png
C0151|P0221,R04_Tick.png
C0152|P0204,R01_Tick.png
C0153|P0204,R01_Tick.png
C0153|P0205,R01_0.png
C0153|P0207,R01_Tick.png
C0153|P0208,R01_Tick.png
C0153|P0209,R01_Tick.png
C0153|P0210,R01_IB040.png
C0153|P0211,R01_Tick.png
C0153|P0212,R02_AD001.png
C0153|P0213,R02_Tick.png
C0153|P0214,R02_Tick.png
C0153|P0215,R02_0.png
C0153|P0216,R02_0.png
C0153|P0217,R02_Tick.png
C0153|P0218,R02_Tick.png
C0153|P0219,R02_Tick.png
C0153|P0220,R02_IB024.png
C0153|P0221,R02_Tick.png
C0153|P0222,R02_Tick.png
C0153|P0223,R02_Tick.png
C0153|P0224,R02_IB047.png
C0153|P0225,R02_Tick.png
C0153|P0226,R02_Tick.png
C0153|P0227,R02_Tick.png
C0153|P0228,R02_Tick.png
C0153|P0229,R02_0.png
C0153|P0230,R03_Second.png
C0153|P0231,R03_Tick.png
C0153|P0232,R03_Tick.png
C0153|P0233,R03_Tick.png
C0153|P0234,R03_Tick.png
C0153|P0235,R03_Tick.png
C0153|P0236,R03_Tick.png
C0153|P0237,R03_0.png
C0153|P0238,R03_IB031.png
C0153|P0239,R03_Tick.png
C0153|P0240,R03_Tick.png
C0153|P0241,R03_Tick.png
C0153|P0242,R03_0.png
C0153|P0243,R03_IB042.png
C0153|P0244,R03_Tick.png
C0153|P0245,R03_Tick.png
C0153|P0246,R03_Tick.png
C0153|P0247,R03_Tick.png
C0153|P0248,R03_Tick.png
C0153|P0249,R03_Tick.png
C0153|P0250,R03_Tick.png
C0153|P0251,R03_Tick.png
C0153|P0252,R03_Tick.png
C0153|P0253,R03_0.png
C0153|P0254,R03_IB057.png
C0153|P0255,R03_Tick.png
C0153|P0256,R04_Sixer.png
C0153|P0257,R04_Tick.png
C0153|P0258,R04_Tick.png
C0153|P0259,R04_Tick.png
C0153|P0260,R04_AD010.png
C0153|P0261,R04_0.png
C0153|P0262,R04_IB021.png
C0153|P0263,R04_AD009.png
C0153|P0264,R04_0.png
C0153|P0265,R04_Tick.png
C0153|P0266,R04_Tick.png
C0153|P0267,R04_AD007_AD008_AD011.png
C0153|P0268,R04_Tick.png
C0153|P0271,R04_Tick.png
C0153|P0272,R04_Tick.png
C0153|P0273,R04_Tick.png
C0153|P0274,R04_Tick.png
C0153|P0275,R04_Tick.png
C0153|P0276,R04_Tick.png
C0153|P0277,R04_Tick.png
C0153|P0278,R04_IB027_IB038.png
C0153|P0279,R04_IB009.png
C0153|P0280,R04_AD012.png
C0153|P0281,R04_AD013_IB013_IB049_IB063.png
C0154|P0204,R01_Tick.png
C0155|P0210,R02_Tick.png
C0155|P0211,R02_Tick.png
C0155|P0212,R02_Tick.png
C0155|P0213,R02_0.png
C0155|P0214,R02_Tick.png
C0155|P0215,R02_Tick.png
C0155|P0216,R02_Tick.png
C0155|P0217,R02_Tick.png
C0155|P0218,R02_0.png
C0155|P0219,R02_Tick.png
C0155|P0220,R02_IB024.png
C0155|P0221,R02_Tick.png
C0155|P0222,R02_Tick.png
C0155|P0223,R02_Tick.png
C0155|P0224,R02_0.png
C0155|P0225,R02_Tick.png
C0155|P0226,R02_Tick.png
C0155|P0227,R02_0.png
C0155|P0228,R02_0.png
C0155|P0229,R02_Tick.png
C0155|P0230,R02_IB059.png
C0155|P0231,R02_Tick.png
C0155|P0232,R02_Tick.png
C0155|P0233,R02_Tick.png
C0155|P0234,R02_Tick.png
C0155|P0235,R02_Tick.png
C0155|P0236,R02_Tick.png
C0155|P0237,R02_0.png
C0155|P0238,R02_0.png
C0155|P0239,R02_Tick.png
C0155|P0240,R02_Tick.png
C0155|P0241,R02_Tick.png
C0155|P0242,R02_0.png
C0155|P0243,R02_IB042.png
C0155|P0244,R02_Tick.png
C0155|P0245,R02_Tick.png
C0155|P0246,R02_0.png
C0155|P0247,R02_Tick.png
C0155|P0248,R02_0.png
C0155|P0249,R02_0.png
C0155|P0250,R02_Tick.png
C0155|P0251,R02_0.png
C0155|P0252,R02_0.png
C0155|P0253,R02_0.png
C0155|P0254,R02_Tick.png
C0155|P0255,R02_Tick.png
C0155|P0256,R02_Tick.png
C0155|P0257,R02_Tick.png
C0155|P0258,R02_0.png
C0155|P0259,R02_Tick.png
C0155|P0260,R02_0.png
C0155|P0261,R02_AD002.png
C0155|P0262,R02_Tick.png
C0155|P0263,R02_AD005.png
C0155|P0265,R02_0.png
C0155|P0266,R02_0.png
C0155|P0267,R02_Tick.png
C0155|P0268,R02_Tick.png
C0155|P0269,R02_Tick.png
C0155|P0270,R02_0.png
C0155|P0271,R02_0.png
C0155|P0272,R02_Tick.png
C0155|P0273,R02_0.png
C0155|P0274,R02_0.png
C0155|P0275,R02_0.png
C0155|P0276,R02_0.png
C0155|P0277,R02_0.png
C0155|P0278,R02_Tick.png
C0155|P0279,R02_0.png
C0155|P0280,R02_0.png
C0155|P0281,R02_0.png
C0155|P0282,R02_Tick.png
C0155|P0283,R02_Tick.png
C0155|P0284,R02_Tick.png
C0155|P0285,R02_Tick.png
C0155|P0286,R02_IB057.png
C0155|P0287,R02_Tick.png
C0155|P0289,R02_0.png
C0155|P0290,R02_Tick.png
C0155|P0291,R02_Tick.png
C0155|P0292,R02_0.png
C0155|P0293,R02_Tick.png
C0155|P0294,R02_0.png
C0155|P0296,R02_AD010.png
C0155|P0298,R02_Tick.png
C0155|P0299,R02_Tick.png
C0155|P0300,R02_Tick.png
C0155|P0301,R02_Tick.png
C0155|P0302,R02_0.png
C0155|P0305,R02_Tick.png
C0155|P0306,R02_IB054.png
C0155|P0307,R02_Tick.png
C0155|P0309,R02_Tick.png
C0155|P0310,R02_Tick.png
C0155|P0311,R02_AD004.png
C0155|P0312,R02_AD007.png
C0156|P0211,R01_Tick.png
C0156|P0212,R01_Tick.png
C0156|P0213,R01_Tick.png
C0156|P0214,R01_Tick.png
C0156|P0215,R01_Tick.png
C0156|P0216,R01_Tick.png
C0156|P0217,R01_Tick.png
C0156|P0218,R01_0.png
C0156|P0219,R01_0.png
C0156|P0220,R01_0.png
C0156|P0221,R01_0.png
C0156|P0222,R01_0.png
C0156|P0223,R02_AD001.png
C0156|P0224,R02_IB047.png
C0156|P0225,R02_0.png
C0156|P0226,R02_Tick.png
C0156|P0227,R02_Tick.png
C0156|P0228,R02_Tick.png
C0156|P0229,R02_0.png
C0156|P0230,R03_Second.png
C0156|P0231,R03_0.png
C0156|P0232,R03_Tick.png
C0156|P0233,R03_0.png
C0156|P0234,R03_0.png
C0156|P0235,R03_Tick.png
C0156|P0236,R03_Tick.png
C0156|P0237,R03_Tick.png
C0156|P0238,R03_0.png
C0156|P0239,R03_0.png
C0156|P0240,R03_0.png
C0156|P0241,R03_0.png
C0156|P0242,R03_0.png
C0156|P0243,R03_Tick.png
C0156|P0244,R03_Tick.png
C0157|P0211,R01_Tick.png
C0157|P0212,R01_Tick.png
C0157|P0213,R01_Tick.png
C0157|P0214,R01_Tick.png
C0157|P0215,R01_Tick.png
C0157|P0216,R01_Tick.png
C0157|P0217,R01_Tick.png
C0157|P0218,R01_0.png
C0157|P0219,R01_0.png
C0157|P0220,R01_0.png
C0157|P0221,R01_0.png
C0157|P0222,R01_0.png
C0157|P0223,R02_AD001.png
C0157|P0224,R02_IB047.png
C0157|P0225,R02_0.png
C0157|P0226,R02_Tick.png
C0157|P0227,R02_Tick.png
C0157|P0228,R02_Tick.png
C0157|P0229,R02_0.png
C0157|P0230,R02_Tick.png
C0157|P0231,R02_0.png
C0157|P0232,R02_Tick.png
C0157|P0233,R02_0.png
C0157|P0234,R02_0.png
C0157|P0235,R02_Tick.png
C0157|P0236,R02_Tick.png
C0157|P0237,R02_Tick.png
C0157|P0238,R02_0.png
C0157|P0239,R02_0.png
C0157|P0240,R02_0.png
C0157|P0241,R02_0.png
C0157|P0242,R02_0.png
C0157|P0243,R02_Tick.png
C0157|P0244,R02_Tick.png
C0158|P0213,R01_Tick.png
C0158|P0214,R01_0.png
C0158|P0215,R01_0.png
C0158|P0216,R01_Tick.png
C0158|P0217,R01_0.png
C0158|P0218,R01_Tick.png
C0158|P0219,R01_Tick.png
C0158|P0220,R01_0.png
C0158|P0221,R01_Tick.png
C0158|P0222,R01_0.png
C0158|P0223,R02_AD001_IB024.png
C0158|P0224,R02_IB047.png
C0158|P0225,R02_Tick.png
C0158|P0226,R02_Tick.png
C0158|P0227,R02_Tick.png
C0158|P0228,R02_Tick.png
C0158|P0229,R02_Tick.png
C0158|P0230,R04_Sixer_IB059.png
C0158|P0231,R04_Tick.png
C0158|P0232,R04_0.png
C0158|P0233,R04_Tick.png
C0158|P0234,R04_IB021.png
C0158|P0235,R04_0.png
C0158|P0236,R04_Tick.png
C0158|P0237,R04_Tick.png
C0158|P0238,R04_0.png
C0158|P0239,R04_Tick.png
C0158|P0240,R04_0.png
C0158|P0241,R04_Tick.png
C0158|P0242,R04_0.png
C0158|P0243,R04_0.png
C0158|P0244,R04_0.png
C0158|P0245,R04_0.png
C0158|P0246,R04_0.png
C0158|P0247,R04_0.png
C0158|P0248,R04_Tick.png
C0158|P0249,R04_Tick.png
C0158|P0250,R04_Tick.png
C0158|P0251,R04_0.png
C0158|P0252,R04_0.png
C0158|P0253,R04_0.png
C0158|P0254,R04_0.png
C0158|P0255,R04_0.png
C0158|P0256,R04_0.png
C0159|P0215,R01_Tick.png
C0159|P0216,R01_0.png
C0159|P0217,R01_0.png
C0159|P0218,R01_0.png
C0159|P0219,R01_Tick.png
C0159|P0220,R01_0.png
C0159|P0221,R01_Tick.png
C0159|P0222,R01_0.png
C0159|P0223,R02_AD001_IB024.png
C0159|P0224,R02_0.png
C0159|P0225,R02_Tick.png
C0159|P0226,R02_Tick.png
C0159|P0227,R02_0.png
C0159|P0228,R02_0.png
C0159|P0229,R02_Tick.png
C0159|P0230,R02_IB059.png
C0159|P0231,R02_Tick.png
C0159|P0232,R02_Tick.png
C0159|P0233,R02_0.png
C0159|P0234,R02_0.png
C0159|P0235,R02_Tick.png
C0159|P0236,R02_Tick.png
C0159|P0237,R02_0.png
C0159|P0238,R02_0.png
C0159|P0239,R02_0.png
C0159|P0240,R02_IB031.png
C0159|P0241,R02_Tick.png
C0159|P0242,R02_0.png
C0159|P0243,R02_Tick.png
C0159|P0244,R02_0.png
C0159|P0245,R02_0.png
C0159|P0246,R02_0.png
C0159|P0247,R02_0.png
C0159|P0248,R02_0.png
C0159|P0249,R02_Tick.png
C0159|P0250,R02_0.png
C0159|P0251,R02_0.png
C0159|P0252,R02_0.png
C0159|P0253,R02_0.png
C0159|P0254,R02_0.png
C0159|P0255,R02_0.png
C0159|P0256,R02_0.png
C0159|P0257,R02_Tick.png
C0159|P0258,R02_Tick.png
C0159|P0259,R02_Tick.png
C0159|P0260,R02_0.png
C0159|P0261,R02_0.png
C0159|P0262,R02_Tick.png
C0160|P0215,R01_Tick.png
C0160|P0216,R01_Tick.png
C0160|P0217,R01_Tick.png
C0160|P0218,R01_Tick.png
C0160|P0219,R01_Tick.png
C0160|P0220,R02_AD001_IB024.png
C0160|P0221,R02_0.png
C0160|P0222,R02_Tick.png
C0160|P0223,R02_0.png
C0160|P0224,R02_IB047.png
C0160|P0225,R02_0.png
C0160|P0226,R02_0.png
C0160|P0227,R02_Tick.png
C0160|P0228,R02_Tick.png
C0160|P0229,R02_0.png
C0160|P0230,R02_0.png
C0160|P0231,R02_Tick.png
C0160|P0232,R02_0.png
C0160|P0233,R02_0.png
C0160|P0234,R02_Tick.png
C0160|P0235,R02_Tick.png
C0160|P0236,R02_Tick.png
C0160|P0237,R02_0.png
C0160|P0238,R02_IB031.png
C0160|P0239,R02_Tick.png
C0160|P0240,R02_Tick.png
C0160|P0241,R02_Tick.png
C0160|P0242,R02_0.png
C0160|P0243,R02_IB042.png
C0160|P0244,R02_Tick.png
C0160|P0245,R02_Tick.png
C0160|P0246,R02_0.png
C0160|P0247,R02_0.png
C0160|P0248,R02_0.png
C0160|P0249,R02_Tick.png
C0160|P0250,R02_0.png
C0160|P0251,R02_0.png
C0160|P0252,R02_0.png
C0160|P0253,R02_0.png
C0160|P0254,R02_Tick.png
C0160|P0255,R02_Tick.png
C0160|P0256,R02_Tick.png
C0160|P0257,R02_0.png
C0160|P0258,R02_0.png
C0160|P0259,R02_0.png
C0160|P0260,R02_Tick.png
C0160|P0261,R02_0.png
C0160|P0262,R02_Tick.png
C0160|P0263,R02_AD003_AD005.png
C0160|P0265,R02_Tick.png
C0160|P0266,R02_Tick.png
C0160|P0267,R02_Tick.png
C0160|P0268,R02_Tick.png
C0160|P0269,R02_Tick.png
C0161|P0215,R01_Tick.png
C0161|P0216,R01_Tick.png
C0161|P0217,R01_Tick.png
C0161|P0218,R01_Tick.png
C0161|P0219,R01_Tick.png
C0161|P0220,R02_AD001_IB024.png
C0161|P0221,R02_0.png
C0161|P0222,R02_Tick.png
C0161|P0223,R02_0.png
C0161|P0224,R02_IB047.png
C0161|P0225,R02_Tick.png
C0161|P0226,R02_Tick.png
C0161|P0227,R02_Tick.png
C0161|P0228,R02_Tick.png
C0161|P0229,R02_0.png
C0161|P0230,R02_0.png
C0161|P0231,R02_Tick.png
C0161|P0232,R02_0.png
C0161|P0233,R02_0.png
C0161|P0234,R02_Tick.png
C0161|P0235,R02_Tick.png
C0161|P0236,R02_Tick.png
C0161|P0237,R02_0.png
C0161|P0238,R02_IB031.png
C0161|P0239,R02_Tick.png
C0161|P0240,R02_Tick.png
C0161|P0241,R02_Tick.png
C0161|P0242,R02_0.png
C0161|P0243,R02_IB042.png
C0161|P0244,R02_Tick.png
C0161|P0245,R02_Tick.png
C0161|P0246,R02_0.png
C0161|P0247,R02_0.png
C0161|P0248,R02_0.png
C0161|P0249,R02_Tick.png
C0161|P0250,R02_0.png
C0161|P0251,R02_0.png
C0161|P0252,R02_0.png
C0161|P0253,R02_0.png
C0161|P0254,R02_Tick.png
C0161|P0255,R02_Tick.png
C0161|P0256,R02_Tick.png
C0161|P0257,R02_0.png
C0161|P0258,R02_0.png
C0161|P0259,R02_0.png
C0161|P0260,R02_Tick.png
C0161|P0261,R02_0.png
C0161|P0262,R02_Tick.png
C0161|P0263,R02_AD003_AD005.png
C0161|P0265,R02_Tick.png
C0161|P0266,R02_Tick.png
C0161|P0267,R02_Tick.png
C0161|P0268,R02_Tick.png
C0161|P0269,R02_Tick.png
C0162|P0217,R01_Tick.png
C0162|P0218,R01_Tick.png
C0162|P0219,R01_0.png
C0162|P0220,R01_Tick.png
C0163|P0217,R01_Tick.png
C0163|P0218,R01_Tick.png
C0163|P0219,R01_Tick.png
C0163|P0220,R01_Tick.png
C0164|P0217,R01_Tick.png
C0164|P0218,R01_Tick.png
C0164|P0219,R01_0.png
C0164|P0220,R01_Tick.png
C0165|P0214,R01_Tick.png
C0165|P0215,R01_0.png
C0165|P0216,R01_Tick.png
C0165|P0217,R01_Tick.png
C0165|P0218,R01_Tick.png
C0165|P0219,R01_Tick.png
C0165|P0220,R02_AD001_IB024.png
C0165|P0221,R02_Tick.png
C0165|P0222,R02_Tick.png
C0165|P0223,R02_Tick.png
C0165|P0224,R02_IB047.png
C0165|P0225,R02_Tick.png
C0165|P0226,R02_Tick.png
C0165|P0227,R02_0.png
C0165|P0228,R02_0.png
C0165|P0229,R02_Tick.png
C0165|P0230,R02_Tick.png
C0165|P0231,R02_Tick.png
C0165|P0232,R02_0.png
C0165|P0233,R02_Tick.png
C0165|P0234,R02_Tick.png
C0165|P0235,R02_Tick.png
C0165|P0236,R02_Tick.png
C0165|P0237,R02_Tick.png
C0165|P0238,R02_0.png
C0165|P0239,R02_IB055.png
C0165|P0240,R02_0.png
C0165|P0241,R02_Tick.png
C0165|P0242,R02_Tick.png
C0165|P0243,R02_Tick.png
C0165|P0244,R02_0.png
C0165|P0245,R02_Tick.png
C0165|P0246,R02_0.png
C0165|P0247,R02_Tick.png
C0165|P0248,R02_0.png
C0165|P0249,R02_0.png
C0165|P0250,R02_0.png
C0165|P0251,R02_0.png
C0165|P0252,R02_0.png
C0165|P0253,R02_0.png
C0165|P0254,R02_0.png
C0165|P0255,R02_0.png
C0165|P0256,R02_0.png
C0165|P0257,R02_Tick.png
C0165|P0258,R02_0.png
C0165|P0259,R02_Tick.png
C0165|P0260,R02_Tick.png
C0165|P0261,R02_Tick.png
C0165|P0262,R02_Tick.png
C0165|P0263,R02_AD005.png
C0165|P0265,R02_AD002.png
C0165|P0266,R02_0.png
C0165|P0267,R02_Tick.png
C0165|P0268,R02_Tick.png
C0165|P0269,R02_Tick.png
C0165|P0270,R02_0.png
C0165|P0271,R02_Tick.png
C0165|P0272,R02_0.png
C0165|P0273,R02_0.png
C0165|P0274,R02_0.png
C0165|P0275,R02_0.png
C0165|P0276,R02_0.png
C0165|P0277,R02_0.png
C0165|P0278,R02_0.png
C0165|P0279,R02_0.png
C0165|P0280,R02_0.png
C0165|P0281,R02_0.png
C0165|P0282,R02_0.png
C0165|P0283,R02_0.png
C0165|P0284,R02_0.png
C0165|P0285,R02_0.png
C0165|P0286,R02_0.png
C0165|P0287,R02_0.png
C0165|P0289,R02_Tick.png
C0165|P0290,R02_Tick.png
C0165|P0291,R02_Tick.png
C0165|P0292,R02_Tick.png
C0165|P0293,R02_Tick.png
C0165|P0294,R02_0.png
C0165|P0295,R02_Tick.png
C0165|P0296,R02_0.png
C0165|P0298,R02_0.png
C0165|P0299,R02_Tick.png
C0165|P0300,R02_0.png
C0165|P0302,R02_0.png
C0165|P0305,R02_Tick.png
C0165|P0306,R02_IB054.png
C0165|P0307,R02_Tick.png
C0165|P0308,R02_Tick.png
C0165|P0309,R02_AD010_IB021.png
C0165|P0310,R02_0.png
C0165|P0311,R02_0.png
C0165|P0312,R02_AD007_IB009.png
C0165|P0313,R02_Tick.png
C0165|P0314,R02_Tick.png
C0165|P0317,R02_Tick.png
C0165|P0318,R02_Tick.png
C0165|P0319,R02_Tick.png
C0165|P0320,R02_IB043.png
C0165|P0321,R02_Tick.png
C0165|P0326,R02_Tick.png
C0165|P0327,R02_0.png
C0165|P0328,R02_Tick.png
C0165|P0329,R02_Tick.png
C0165|P0330,R02_0.png
C0165|P0332,R02_Tick.png
C0165|P0333,R02_0.png
C0165|P0334,R02_0.png
C0165|P0335,R02_0.png
C0165|P0337,R02_0.png
C0165|P0338,R02_IB034.png
C0165|P0339,R02_0.png
C0165|P0340,R04_Sixer.png
C0165|P0341,R04_Tick.png
C0165|P0343,R04_Tick.png
C0165|P0347,R04_Tick.png
C0165|P0348,R04_0.png
C0165|P0349,R04_AD003_AD004_AD006_AD008_AD009_a.png
C0166|P0222,R01_Tick.png
C0166|P0223,R01_Tick.png
C0166|P0224,R01_IB047.png
C0166|P0225,R01_Tick.png
C0166|P0226,R01_Tick.png
C0166|P0227,R01_Tick.png
C0166|P0228,R01_Tick.png
C0166|P0229,R01_0.png
C0166|P0230,R01_0.png
C0166|P0231,R01_0.png
C0166|P0232,R01_Tick.png
C0166|P0233,R02_AD001_IB003.png
C0166|P0234,R02_Tick.png
C0166|P0235,R02_0.png
C0166|P0236,R02_0.png
C0166|P0237,R02_Tick.png
C0166|P0238,R02_Tick.png
C0166|P0239,R02_Tick.png
C0166|P0240,R02_Tick.png
C0166|P0241,R02_Tick.png
C0166|P0242,R02_Tick.png
C0166|P0243,R02_0.png
C0166|P0244,R02_0.png
C0166|P0245,R02_0.png
C0166|P0246,R02_0.png
C0166|P0247,R02_Tick.png
C0166|P0248,R02_0.png
C0166|P0249,R02_0.png
C0166|P0250,R02_Tick.png
C0166|P0254,R02_Tick.png
C0166|P0255,R02_Tick.png
C0166|P0256,R02_Tick.png
C0166|P0257,R02_Tick.png
C0166|P0258,R02_0.png
C0166|P0259,R02_Tick.png
C0166|P0260,R02_0.png
C0166|P0261,R02_Tick.png
C0166|P0262,R02_Tick.png
C0166|P0263,R02_AD005.png
C0166|P0264,R02_0.png
C0166|P0265,R02_0.png
C0166|P0266,R02_Tick.png
C0167|P0223,R01_Tick.png
C0167|P0224,R01_Tick.png
C0167|P0225,R01_Tick.png
C0167|P0226,R01_Tick.png
C0167|P0227,R01_0.png
C0167|P0228,R01_0.png
C0167|P0229,R01_Tick.png
C0167|P0230,R01_Tick.png
C0167|P0231,R02_AD001.png
C0167|P0232,R02_Tick.png
C0167|P0233,R02_Tick.png
C0167|P0234,R02_0.png
C0167|P0235,R02_0.png
C0167|P0236,R02_Tick.png
C0167|P0237,R02_0.png
C0167|P0238,R02_Tick.png
C0167|P0239,R02_Tick.png
C0167|P0240,R02_Tick.png
C0167|P0241,R02_0.png
C0167|P0242,R02_Tick.png
C0167|P0243,R02_0.png
C0167|P0244,R02_IB015.png
C0167|P0245,R02_Tick.png
C0167|P0246,R02_0.png
C0167|P0247,R02_Tick.png
C0167|P0248,R02_Tick.png
C0167|P0249,R02_Tick.png
C0167|P0250,R02_Tick.png
C0167|P0251,R02_0.png
C0167|P0252,R02_0.png
C0167|P0253,R02_0.png
C0167|P0254,R02_Tick.png
C0167|P0255,R02_Tick.png
C0167|P0256,R02_Tick.png
C0167|P0257,R02_Tick.png
C0167|P0258,R02_Tick.png
C0167|P0259,R02_0.png
C0167|P0260,R02_Tick.png
C0167|P0261,R02_Tick.png
C0167|P0262,R02_Tick.png
C0167|P0263,R02_0.png
C0167|P0265,R02_AD002.png
C0167|P0266,R02_0.png
C0167|P0267,R02_Tick.png
C0167|P0268,R02_Tick.png
C0167|P0269,R02_Tick.png
C0168|P0223,R01_Tick.png
C0168|P0224,R01_IB047.png
C0168|P0225,R01_0.png
C0168|P0226,R01_Tick.png
C0168|P0227,R01_0.png
C0168|P0228,R01_0.png
C0168|P0229,R01_0.png
C0168|P0230,R01_Tick.png
C0168|P0231,R02_AD001.png
C0168|P0232,R02_Tick.png
C0168|P0233,R02_Tick.png
C0168|P0234,R02_0.png
C0168|P0235,R02_Tick.png
C0168|P0236,R02_Tick.png
C0168|P0237,R02_0.png
C0168|P0238,R02_Tick.png
C0168|P0239,R02_Tick.png
C0168|P0240,R02_0.png
C0168|P0241,R02_0.png
C0168|P0242,R02_Tick.png
C0168|P0243,R02_0.png
C0168|P0244,R02_IB015.png
C0168|P0245,R02_0.png
C0168|P0246,R02_0.png
C0168|P0247,R02_Tick.png
C0168|P0248,R02_Tick.png
C0168|P0249,R02_Tick.png
C0168|P0250,R02_Tick.png
C0168|P0251,R02_0.png
C0168|P0252,R02_0.png
C0168|P0253,R02_0.png
C0168|P0254,R02_Tick.png
C0168|P0255,R02_0.png
C0168|P0256,R02_0.png
C0168|P0257,R02_Tick.png
C0168|P0258,R02_0.png
C0168|P0259,R02_Tick.png
C0168|P0260,R02_Tick.png
C0168|P0261,R02_IB042.png
C0168|P0262,R02_Tick.png
C0168|P0263,R02_0.png
C0168|P0265,R02_AD002.png
C0168|P0266,R02_Tick.png
C0168|P0267,R02_0.png
C0168|P0268,R02_Tick.png
C0168|P0269,R02_Tick.png
C0169|P0223,R01_Tick.png
C0169|P0224,R01_IB047.png
C0169|P0225,R01_0.png
C0169|P0226,R01_Tick.png
C0169|P0227,R01_0.png
C0169|P0228,R01_0.png
C0169|P0229,R01_0.png
C0169|P0230,R01_Tick.png
C0169|P0231,R02_AD001.png
C0169|P0232,R02_Tick.png
C0169|P0233,R02_Tick.png
C0169|P0234,R02_Tick.png
C0169|P0235,R02_0.png
C0169|P0236,R02_0.png
C0169|P0237,R02_0.png
C0169|P0238,R02_Tick.png
C0169|P0239,R02_Tick.png
C0169|P0240,R02_Tick.png
C0169|P0241,R02_0.png
C0169|P0242,R02_Tick.png
C0169|P0243,R02_IB042.png
C0169|P0244,R02_Tick.png
C0169|P0245,R02_Tick.png
C0169|P0246,R02_0.png
C0169|P0247,R02_0.png
C0169|P0248,R02_Tick.png
C0169|P0249,R02_0.png
C0169|P0250,R02_Tick.png
C0169|P0251,R02_0.png
C0169|P0252,R02_0.png
C0169|P0253,R02_0.png
C0169|P0254,R02_0.png
C0169|P0255,R02_Tick.png
C0169|P0256,R02_0.png
C0169|P0257,R02_0.png
C0169|P0258,R02_0.png
C0169|P0259,R02_Tick.png
C0169|P0260,R02_0.png
C0169|P0261,R02_0.png
C0169|P0262,R02_Tick.png
C0169|P0263,R02_0.png
C0169|P0264,R02_0.png
C0169|P0265,R02_0.png
C0169|P0266,R02_0.png
C0169|P0267,R02_0.png
C0169|P0268,R02_Tick.png
C0170|P0231,R01_Tick.png
C0170|P0232,R01_0.png
C0170|P0233,R01_Tick.png
C0170|P0234,R01_Tick.png
C0170|P0235,R02_AD001.png
C0170|P0236,R02_Tick.png
C0170|P0237,R02_0.png
C0170|P0238,R02_IB031.png
C0170|P0239,R02_Tick.png
C0170|P0240,R02_Tick.png
C0170|P0241,R02_Tick.png
C0170|P0242,R02_0.png
C0170|P0243,R02_IB042.png
C0170|P0244,R02_Tick.png
C0170|P0245,R02_Tick.png
C0170|P0246,R02_0.png
C0170|P0247,R02_0.png
C0170|P0248,R02_Tick.png
C0170|P0249,R02_0.png
C0170|P0250,R02_0.png
C0170|P0251,R02_0.png
C0170|P0252,R02_0.png
C0170|P0253,R02_0.png
C0170|P0254,R02_Tick.png
C0170|P0255,R02_Tick.png
C0170|P0256,R02_Tick.png
C0170|P0257,R02_0.png
C0170|P0258,R02_0.png
C0170|P0259,R02_0.png
C0170|P0260,R02_Tick.png
C0170|P0261,R02_Tick.png
C0170|P0262,R02_Tick.png
C0170|P0263,R02_Tick.png
C0170|P0265,R02_Tick.png
C0170|P0266,R02_Tick.png
C0170|P0267,R02_Tick.png
C0170|P0268,R02_Tick.png
C0171|P0236,R01_Tick.png
C0172|P0236,R01_Tick.png
C0172|P0237,R01_0.png
C0172|P0238,R01_Tick.png
C0172|P0239,R01_0.png
C0172|P0240,R01_Tick.png
C0172|P0241,R01_Tick.png
C0172|P0242,R01_Tick.png
C0172|P0243,R01_Tick.png
C0172|P0244,R01_Tick.png
C0172|P0245,R02_AD001.png
C0172|P0246,R02_0.png
C0172|P0247,R02_Tick.png
C0172|P0248,R02_Tick.png
C0172|P0249,R02_Tick.png
C0172|P0250,R02_0.png
C0172|P0251,R02_0.png
C0172|P0252,R02_0.png
C0172|P0253,R02_0.png
C0172|P0254,R02_Tick.png
C0172|P0255,R02_Tick.png
C0172|P0256,R02_0.png
C0172|P0257,R02_0.png
C0172|P0258,R02_0.png
C0172|P0259,R02_0.png
C0172|P0260,R02_Tick.png
C0172|P0261,R02_Tick.png
C0172|P0262,R02_Tick.png
C0172|P0263,R02_Tick.png
C0172|P0265,R02_Tick.png
C0172|P0266,R02_Tick.png
C0172|P0267,R02_Tick.png
C0172|P0268,R02_Tick.png
C0172|P0269,R02_0.png
C0172|P0270,R02_0.png
C0172|P0271,R02_Tick.png
C0172|P0272,R02_Tick.png
C0172|P0273,R02_Tick.png
C0172|P0274,R02_Tick.png
C0172|P0275,R02_Tick.png
C0172|P0276,R02_Tick.png
C0172|P0277,R02_0.png
C0172|P0278,R02_IB015_IB027_IB038.png
C0172|P0279,R02_Tick.png
C0172|P0280,R02_Tick.png
C0172|P0281,R02_Tick.png
C0172|P0282,R02_IB049_IB059.png
C0172|P0283,R02_Tick.png
C0172|P0284,R02_Tick.png
C0172|P0285,R02_0.png
C0172|P0286,R02_IB057.png
C0172|P0287,R02_Tick.png
C0172|P0289,R02_Tick.png
C0172|P0290,R02_0.png
C0172|P0291,R02_Tick.png
C0172|P0292,R02_Tick.png
C0172|P0293,R02_Tick.png
C0172|P0294,R02_Tick.png
C0172|P0296,R02_0.png
C0172|P0298,R02_0.png
C0172|P0299,R02_Tick.png
C0172|P0300,R02_Tick.png
C0172|P0301,R02_Tick.png
C0172|P0302,R02_Tick.png
C0172|P0303,R02_AD002.png
C0172|P0306,R02_0.png
C0172|P0307,R02_0.png
C0172|P0309,R02_0.png
C0172|P0310,R02_0.png
C0172|P0311,R02_IB024.png
C0172|P0312,R02_AD004.png
C0172|P0313,R02_Tick.png
C0172|P0314,R02_Tick.png
C0172|P0316,R02_0.png
C0172|P0320,R02_Tick.png
C0172|P0321,R02_Tick.png
C0172|P0324,R02_Tick.png
C0172|P0325,R02_Tick.png
C0172|P0326,R02_0.png
C0172|P0327,R02_AD003_AD005_AD006_IB001_IB061.png
C0172|P0328,R02_IB072.png
C0172|P0329,R02_Tick.png
C0172|P0330,R02_Tick.png
C0172|P0331,R02_Tick.png
C0172|P0332,R02_Tick.png
C0172|P0333,R02_Tick.png
C0172|P0334,R02_IB018.png
C0172|P0335,R02_Tick.png
C0172|P0336,R02_Tick.png
C0172|P0337,R02_Tick.png
C0172|P0338,R02_0.png
C0172|P0339,R02_0.png
C0172|P0340,R03_Second.png
C0172|P0341,R03_Tick.png
C0172|P0343,R03_Tick.png
C0172|P0345,R03_Tick.png
C0172|P0346,R03_Tick.png
C0172|P0347,R03_Tick.png
C0172|P0348,R03_Tick.png
C0172|P0349,R03_Tick.png
C0172|P0350,R03_Tick.png
C0172|P0351,R03_Tick.png
C0172|P0344,R03_Tick.png
C0172|P0352,R03_Tick.png
C0172|P0353,R03_Tick.png
C0172|P0354,R03_0.png
C0172|P0358,R03_Tick.png
C0172|P0357,R03_IB011.png
C0172|P0359,R03_Tick.png
C0172|P0360,R03_Tick.png
C0172|P0361,R03_AD010.png
C0172|P0362,R03_Tick.png
C0172|P0363,R04_Sixer.png
C0172|P0364,R04_Tick.png
C0172|P0365,R04_Tick.png
C0172|P0366,R04_Tick.png
C0172|P0367,R04_Tick.png
C0172|P0368,R04_Tick.png
C0172|P0369,R04_Tick.png
C0172|P0370,R04_Tick.png
C0172|P0371,R04_IB013_IB020.png
C0172|P0372,R04_0.png
C0172|P0373,R04_0.png
C0172|P0374,R04_Tick.png
C0172|P0375,R04_Tick.png
C0172|P0376,R04_Tick.png
C0172|P0377,R04_Tick.png
C0172|P0378,R04_AD007.png
C0172|P0379,R04_Tick.png
C0172|P0380,R04_Tick.png
C0172|P0381,R04_IB012.png
C0172|P0384,R04_Tick.png
C0172|P0382,R04_Tick.png
C0172|P0383,R04_Tick.png
C0172|P0385,R04_0.png
C0172|P0386,R04_Tick.png
C0172|P0387,R04_Tick.png
C0173|P0236,R01_Tick.png
C0174|P0235,R01_0.png
C0174|P0236,R01_Tick.png
C0174|P0237,R01_0.png
C0174|P0238,R01_Tick.png
C0174|P0239,R01_Tick.png
C0174|P0240,R01_Tick.png
C0174|P0241,R01_0.png
C0174|P0242,R01_Tick.png
C0174|P0243,R01_0.png
C0174|P0244,R01_Tick.png
C0174|P0245,R01_Tick.png
C0174|P0246,R01_0.png
C0174|P0247,R01_0.png
C0174|P0248,R01_Tick.png
C0174|P0249,R01_Tick.png
C0174|P0250,R01_Tick.png
C0174|P0251,R01_0.png
C0174|P0252,R01_0.png
C0174|P0253,R01_0.png
C0174|P0254,R02_AD001.png
C0174|P0255,R02_Tick.png
C0174|P0256,R02_Tick.png
C0174|P0257,R02_Tick.png
C0174|P0258,R02_Tick.png
C0174|P0259,R02_0.png
C0174|P0260,R02_Tick.png
C0174|P0261,R02_Tick.png
C0174|P0262,R02_Tick.png
C0174|P0263,R02_0.png
C0174|P0265,R02_Tick.png
C0174|P0266,R02_0.png
C0174|P0267,R02_0.png
C0174|P0268,R02_0.png
C0174|P0269,R02_Tick.png
C0175|P0245,R01_Tick.png
C0175|P0246,R01_0.png
C0175|P0247,R01_0.png
C0175|P0248,R01_Tick.png
C0175|P0249,R01_Tick.png
C0175|P0250,R01_0.png
C0175|P0251,R01_0.png
C0175|P0252,R01_0.png
C0175|P0253,R01_0.png
C0175|P0254,R01_0.png
C0175|P0255,R01_Tick.png
C0175|P0256,R02_AD001.png
C0175|P0257,R02_Tick.png
C0175|P0258,R02_Tick.png
C0175|P0259,R02_Tick.png
C0175|P0260,R02_0.png
C0175|P0261,R02_Tick.png
C0175|P0262,R02_IB021.png
C0175|P0263,R02_Tick.png
C0175|P0264,R02_0.png
C0175|P0265,R02_Tick.png
C0175|P0266,R02_Tick.png
C0175|P0267,R02_0.png
C0175|P0268,R02_Tick.png
C0175|P0269,R02_Tick.png
C0175|P0270,R02_0.png
C0175|P0271,R02_Tick.png
C0175|P0272,R02_Tick.png
C0175|P0273,R02_0.png
C0175|P0274,R02_Tick.png
C0175|P0275,R02_Tick.png
C0175|P0276,R02_Tick.png
C0175|P0277,R02_Tick.png
C0175|P0278,R02_IB027_IB038.png
C0175|P0279,R02_Tick.png
C0175|P0280,R02_Tick.png
C0175|P0281,R04_Sixer.png
C0175|P0282,R04_0.png
C0175|P0283,R04_IB049_IB059.png
C0175|P0284,R04_Tick.png
C0175|P0285,R04_0.png
C0175|P0286,R04_IB057.png
C0175|P0287,R04_Tick.png
C0175|P0288,R04_Tick.png
C0175|P0289,R04_Tick.png
C0175|P0290,R04_Tick.png
C0175|P0291,R04_Tick.png
C0175|P0292,R04_Tick.png
C0175|P0293,R04_0.png
C0175|P0294,R04_0.png
C0175|P0296,R04_0.png
C0175|P0297,R04_0.png
C0175|P0298,R04_0.png
C0175|P0299,R04_0.png
C0175|P0300,R04_AD009_AD010.png
C0175|P0302,R04_AD007.png
C0175|P0305,R04_AD008_AD011.png
C0175|P0306,R04_AD013_IB054.png
C0176|P0245,R01_Tick.png
C0176|P0246,R01_0.png
C0176|P0247,R01_0.png
C0176|P0248,R01_Tick.png
C0176|P0249,R01_Tick.png
C0176|P0250,R01_0.png
C0176|P0251,R01_0.png
C0176|P0252,R01_0.png
C0176|P0253,R01_0.png
C0176|P0254,R01_Tick.png
C0176|P0255,R01_Tick.png
C0176|P0256,R02_AD001.png
C0176|P0257,R02_Tick.png
C0176|P0258,R02_Tick.png
C0176|P0259,R02_Tick.png
C0176|P0260,R02_0.png
C0176|P0261,R02_Tick.png
C0176|P0262,R02_Tick.png
C0176|P0263,R02_AD005.png
C0176|P0265,R02_Tick.png
C0176|P0266,R02_Tick.png
C0176|P0267,R02_0.png
C0176|P0268,R02_Tick.png
C0176|P0269,R02_Tick.png
C0176|P0270,R02_0.png
C0176|P0271,R02_Tick.png
C0176|P0272,R02_Tick.png
C0176|P0273,R02_0.png
C0176|P0274,R02_Tick.png
C0176|P0275,R02_Tick.png
C0176|P0276,R02_Tick.png
C0176|P0277,R02_Tick.png
C0176|P0278,R02_IB027_IB038.png
C0176|P0279,R02_Tick.png
C0176|P0280,R02_Tick.png
C0176|P0281,R02_Tick.png
C0176|P0282,R02_0.png
C0176|P0283,R02_IB049.png
C0176|P0284,R02_Tick.png
C0176|P0285,R02_0.png
C0176|P0286,R02_IB057.png
C0176|P0287,R02_0.png
C0176|P0289,R02_Tick.png
C0176|P0290,R02_Tick.png
C0176|P0291,R02_Tick.png
C0176|P0292,R02_Tick.png
C0176|P0293,R02_0.png
C0176|P0294,R02_0.png
C0176|P0296,R02_0.png
C0176|P0297,R02_0.png
C0176|P0298,R02_0.png
C0176|P0299,R02_0.png
C0176|P0300,R02_Tick.png
C0176|P0302,R02_Tick.png
C0176|P0305,R02_Tick.png
C0176|P0306,R02_IB054.png
C0176|P0307,R02_Tick.png
C0176|P0309,R02_Tick.png
C0176|P0310,R02_0.png
C0176|P0311,R02_AD002.png
C0176|P0312,R02_AD004.png
C0176|P0313,R02_Tick.png
C0176|P0314,R02_0.png
C0176|P0316,R02_Tick.png
C0176|P0320,R02_Tick.png
C0176|P0321,R02_0.png
C0176|P0322,R02_Tick.png
C0176|P0323,R02_Tick.png
C0176|P0324,R02_Tick.png
C0176|P0325,R02_Tick.png
C0176|P0326,R02_Tick.png
C0176|P0327,R02_0.png
C0176|P0328,R02_IB061_IB072.png
C0176|P0329,R02_0.png
C0176|P0330,R02_Tick.png
C0176|P0332,R02_Tick.png
C0176|P0333,R02_Tick.png
C0176|P0334,R02_IB018.png
C0176|P0335,R02_Tick.png
C0176|P0336,R02_Tick.png
C0176|P0337,R02_Tick.png
C0176|P0338,R02_Tick.png
C0176|P0339,R02_Tick.png
C0176|P0340,R03_Second.png
C0176|P0341,R03_Tick.png
C0176|P0343,R03_Tick.png
C0176|P0354,R03_Tick.png
C0176|P0358,R03_Tick.png
C0176|P0355,R03_Tick.png
C0176|P0357,R03_Tick.png
C0176|P0359,R03_0.png
C0176|P0360,R03_AD003_AD006.png
C0177|P0245,R01_Tick.png
C0177|P0246,R01_0.png
C0177|P0247,R01_Tick.png
C0177|P0248,R01_Tick.png
C0177|P0249,R01_Tick.png
C0177|P0250,R01_0.png
C0177|P0251,R01_0.png
C0177|P0252,R01_0.png
C0177|P0253,R01_0.png
C0177|P0254,R02_AD001.png
C0177|P0255,R02_0.png
C0177|P0256,R02_0.png
C0177|P0257,R02_0.png
C0177|P0258,R02_0.png
C0177|P0259,R02_0.png
C0177|P0260,R02_Tick.png
C0177|P0261,R02_0.png
C0177|P0262,R02_Tick.png
C0177|P0263,R02_Tick.png
C0178|P0245,R01_Tick.png
C0178|P0246,R01_0.png
C0178|P0247,R01_Tick.png
C0178|P0248,R01_Tick.png
C0178|P0249,R01_Tick.png
C0178|P0250,R01_0.png
C0178|P0251,R01_0.png
C0178|P0252,R01_0.png
C0178|P0253,R01_0.png
C0178|P0254,R02_AD001.png
C0178|P0255,R02_0.png
C0178|P0256,R02_0.png
C0178|P0257,R02_0.png
C0178|P0258,R02_0.png
C0178|P0259,R02_0.png
C0178|P0260,R02_Tick.png
C0178|P0261,R02_0.png
C0178|P0262,R02_Tick.png
C0178|P0263,R02_Tick.png
C0179|P0247,R01_Tick.png
C0179|P0248,R01_Tick.png
C0179|P0249,R01_Tick.png
C0179|P0250,R01_0.png
C0179|P0251,R01_0.png
C0179|P0252,R01_0.png
C0179|P0253,R01_0.png
C0179|P0254,R01_0.png
C0179|P0255,R01_Tick.png
C0179|P0256,R01_Tick.png
C0179|P0257,R01_Tick.png
C0179|P0258,R01_Tick.png
C0179|P0259,R02_AD001.png
C0179|P0260,R02_Tick.png
C0179|P0261,R02_Tick.png
C0179|P0262,R02_0.png
C0179|P0263,R02_Tick.png
C0179|P0265,R02_Tick.png
C0179|P0266,R02_0.png
C0179|P0267,R02_Tick.png
C0179|P0268,R02_Tick.png
C0179|P0269,R02_Tick.png
C0179|P0270,R02_0.png
C0179|P0271,R02_Tick.png
C0179|P0272,R02_Tick.png
C0179|P0273,R02_Tick.png
C0179|P0274,R02_0.png
C0179|P0275,R02_0.png
C0179|P0276,R02_0.png
C0179|P0277,R02_0.png
C0179|P0278,R02_IB027.png
C0179|P0279,R02_Tick.png
C0179|P0280,R02_0.png
C0179|P0281,R02_0.png
C0179|P0282,R02_0.png
C0179|P0283,R02_0.png
C0179|P0284,R02_0.png
C0179|P0285,R02_Tick.png
C0179|P0286,R02_Tick.png
C0179|P0287,R02_Tick.png
C0179|P0289,R02_Tick.png
C0179|P0290,R02_Tick.png
C0179|P0291,R02_Tick.png
C0179|P0292,R02_0.png
C0179|P0293,R02_0.png
C0179|P0294,R02_Tick.png
C0179|P0296,R02_Tick.png
C0179|P0298,R02_0.png
C0179|P0299,R02_0.png
C0179|P0300,R02_0.png
C0179|P0302,R02_Tick.png
C0179|P0303,R02_Tick.png
C0179|P0306,R02_0.png
C0179|P0307,R02_0.png
C0179|P0309,R02_Tick.png
C0179|P0310,R02_Tick.png
C0179|P0311,R02_AD002_AD010.png
C0179|P0312,R02_IB024.png
C0179|P0313,R02_Tick.png
C0179|P0314,R02_Tick.png
C0179|P0316,R02_0.png
C0179|P0320,R02_Tick.png
C0179|P0321,R02_Tick.png
C0179|P0326,R02_Tick.png
C0179|P0327,R02_0.png
C0179|P0328,R02_0.png
C0179|P0329,R02_Tick.png
C0179|P0330,R02_Tick.png
C0179|P0332,R02_Tick.png
C0179|P0333,R02_Tick.png
C0179|P0334,R02_0.png
C0179|P0335,R02_0.png
C0179|P0337,R02_0.png
C0179|P0338,R02_Tick.png
C0179|P0339,R02_Tick.png
C0179|P0340,R02_Tick.png
C0179|P0343,R02_Tick.png
C0179|P0347,R02_Tick.png
C0179|P0348,R02_Tick.png
C0179|P0349,R02_Tick.png
C0179|P0350,R02_0.png
C0179|P0344,R02_Tick.png
C0179|P0352,R02_Tick.png
C0179|P0354,R02_AD005_AD007_AD013.png
C0179|P0359,R02_0.png
C0180|P0255,R01_Tick.png
C0180|P0256,R01_0.png
C0180|P0257,R01_Tick.png
C0180|P0258,R01_0.png
C0180|P0259,R01_0.png
C0180|P0260,R01_Tick.png
C0180|P0261,R01_Tick.png
C0180|P0262,R01_Tick.png
C0180|P0263,R02_AD001.png
C0180|P0264,R02_0.png
C0180|P0265,R02_Tick.png
C0180|P0266,R02_Tick.png
C0180|P0267,R02_Tick.png
C0180|P0268,R02_Tick.png
C0180|P0269,R02_Tick.png
C0180|P0270,R02_0.png
C0180|P0271,R02_Tick.png
C0180|P0272,R02_Tick.png
C0180|P0273,R02_0.png
C0180|P0274,R02_Tick.png
C0180|P0275,R02_Tick.png
C0180|P0276,R02_Tick.png
C0180|P0277,R02_Tick.png
C0180|P0278,R02_IB027_IB038.png
C0180|P0279,R02_0.png
C0180|P0280,R02_Tick.png
C0180|P0281,R02_Tick.png
C0180|P0282,R02_IB049.png
C0180|P0283,R03_Second.png
C0180|P0284,R03_0.png
C0180|P0285,R03_Tick.png
C0180|P0286,R03_Tick.png
C0180|P0287,R03_Tick.png
C0180|P0288,R03_Tick.png
C0180|P0289,R03_0.png
C0180|P0290,R03_Tick.png
C0180|P0291,R03_Tick.png
C0180|P0292,R03_Tick.png
C0180|P0293,R03_Tick.png
C0180|P0294,R03_Tick.png
C0180|P0296,R03_Tick.png
C0180|P0297,R03_Tick.png
C0180|P0298,R03_Tick.png
C0180|P0299,R03_Tick.png
C0180|P0300,R03_Tick.png
C0180|P0302,R03_0.png
C0180|P0306,R03_Tick.png
C0180|P0307,R03_Tick.png
C0180|P0309,R03_Tick.png
C0180|P0310,R03_Tick.png
C0180|P0311,R03_0.png
C0180|P0312,R03_AD007_AD009.png
C0180|P0313,R03_Tick.png
C0180|P0314,R03_0.png
C0180|P0315,R03_0.png
C0180|P0317,R03_Tick.png
C0180|P0318,R03_Tick.png
C0180|P0319,R03_Tick.png
C0180|P0320,R03_IB043.png
C0180|P0321,R03_Tick.png
C0180|P0326,R03_0.png
C0180|P0327,R04_Sixer_IB021.png
C0180|P0328,R04_IB013.png
C0180|P0329,R04_AD008.png
C0180|P0330,R04_AD010_AD011_AD013.png
C0181|P0255,R01_Tick.png
C0182|P0272,R01_Tick.png
C0183|P0272,R01_Tick.png
C0183|P0273,R01_0.png
C0183|P0274,R01_0.png
C0183|P0275,R01_0.png
C0183|P0276,R01_0.png
C0183|P0277,R01_0.png
C0183|P0278,R01_Tick.png
C0183|P0279,R01_Tick.png
C0183|P0280,R01_Tick.png
C0183|P0281,R01_0.png
C0183|P0282,R01_Tick.png
C0183|P0283,R01_Tick.png
C0183|P0284,R01_Tick.png
C0183|P0285,R01_0.png
C0183|P0286,R01_IB057.png
C0183|P0287,R01_0.png
C0183|P0289,R02_AD001.png
C0183|P0290,R02_0.png
C0183|P0291,R02_0.png
C0183|P0292,R02_Tick.png
C0183|P0293,R02_Tick.png
C0183|P0294,R02_Tick.png
C0183|P0296,R02_Tick.png
C0183|P0298,R02_Tick.png
C0183|P0299,R02_0.png
C0183|P0300,R02_0.png
C0183|P0302,R02_0.png
C0183|P0305,R02_Tick.png
C0183|P0306,R02_IB054.png
C0183|P0307,R02_Tick.png
C0183|P0309,R02_Tick.png
C0183|P0310,R02_Tick.png
C0183|P0311,R02_Tick.png
C0183|P0312,R02_0.png
C0183|P0313,R02_0.png
C0183|P0314,R02_Tick.png
C0183|P0316,R02_Tick.png
C0183|P0320,R02_0.png
C0183|P0321,R02_Tick.png
C0183|P0326,R02_Tick.png
C0183|P0327,R02_IB072.png
C0183|P0328,R02_Tick.png
C0183|P0329,R02_0.png
C0183|P0330,R02_Tick.png
C0183|P0331,R02_Tick.png
C0183|P0332,R02_Tick.png
C0183|P0333,R02_0.png
C0183|P0334,R02_0.png
C0183|P0335,R02_0.png
C0183|P0337,R02_0.png
C0183|P0338,R02_0.png
C0183|P0339,R02_0.png
C0183|P0340,R02_0.png
C0183|P0342,R02_AD005.png
C0183|P0343,R02_0.png
C0183|P0347,R02_0.png
C0183|P0348,R02_0.png
C0183|P0349,R02_0.png
C0183|P0350,R02_0.png
C0183|P0354,R02_0.png
C0183|P0359,R02_0.png
C0184|P0272,R01_Tick.png
C0184|P0273,R01_0.png
C0184|P0274,R01_0.png
C0184|P0275,R01_0.png
C0184|P0276,R01_0.png
C0184|P0277,R01_0.png
C0184|P0278,R01_Tick.png
C0184|P0279,R01_Tick.png
C0184|P0280,R01_Tick.png
C0184|P0281,R01_0.png
C0184|P0282,R01_0.png
C0184|P0283,R01_Tick.png
C0184|P0284,R01_Tick.png
C0184|P0285,R01_0.png
C0184|P0286,R01_IB057.png
C0184|P0287,R01_0.png
C0184|P0289,R01_0.png
C0184|P0290,R01_0.png
C0184|P0291,R01_0.png
C0184|P0292,R02_AD001.png
C0184|P0293,R02_Tick.png
C0184|P0294,R02_Tick.png
C0184|P0296,R02_Tick.png
C0184|P0298,R02_0.png
C0184|P0299,R02_0.png
C0184|P0300,R02_0.png
C0184|P0302,R02_0.png
C0184|P0305,R02_Tick.png
C0184|P0306,R02_IB054.png
C0184|P0307,R02_Tick.png
C0184|P0309,R02_Tick.png
C0184|P0310,R02_Tick.png
C0184|P0311,R02_Tick.png
C0184|P0312,R02_0.png
C0185|P0278,R01_Tick.png
C0185|P0279,R01_Tick.png
C0185|P0280,R01_Tick.png
C0185|P0281,R01_0.png
C0185|P0282,R01_0.png
C0185|P0283,R01_Tick.png
C0185|P0284,R01_Tick.png
C0185|P0285,R01_0.png
C0185|P0286,R01_Tick.png
C0185|P0287,R01_Tick.png
C0185|P0289,R01_Tick.png
C0185|P0290,R01_0.png
C0185|P0291,R01_0.png
C0185|P0292,R01_Tick.png
C0185|P0293,R01_Tick.png
C0185|P0294,R01_Tick.png
C0185|P0296,R02_AD001.png
C0185|P0298,R02_0.png
C0185|P0299,R02_0.png
C0185|P0300,R02_0.png
C0185|P0302,R02_0.png
C0185|P0305,R02_Tick.png
C0185|P0306,R02_IB054.png
C0185|P0307,R02_Tick.png
C0185|P0309,R02_Tick.png
C0185|P0310,R02_0.png
C0185|P0311,R02_Tick.png
C0185|P0312,R02_0.png
C0186|P0282,R01_Tick.png
C0186|P0283,R01_0.png
C0186|P0284,R01_0.png
C0186|P0285,R01_0.png
C0186|P0286,R01_Tick.png
C0186|P0287,R01_Tick.png
C0186|P0289,R01_Tick.png
C0186|P0290,R01_Tick.png
C0187|P0286,R01_Tick.png
C0187|P0287,R01_Tick.png
C0187|P0289,R01_Tick.png
C0187|P0290,R01_Tick.png
C0188|P0289,R01_Tick.png
C0189|P0289,R02_Tick.png
C0189|P0290,R02_Tick.png
C0189|P0291,R02_Tick.png
C0189|P0292,R02_Tick.png
C0189|P0293,R02_Tick.png
C0189|P0294,R02_Tick.png
C0189|P0296,R02_Tick.png
C0189|P0298,R02_Tick.png
C0189|P0299,R02_Tick.png
C0189|P0300,R02_Tick.png
C0189|P0302,R02_0.png
C0189|P0303,R02_Tick.png
C0189|P0306,R02_AD002.png
C0189|P0307,R02_Tick.png
C0189|P0309,R02_Tick.png
C0189|P0310,R02_Tick.png
C0189|P0311,R02_AD005.png
C0189|P0312,R02_IB024.png
C0190|P0289,R02_Tick.png
C0190|P0290,R02_Tick.png
C0190|P0291,R02_Tick.png
C0190|P0292,R02_Tick.png
C0190|P0293,R02_Tick.png
C0190|P0294,R02_Tick.png
C0190|P0295,R02_Tick.png
C0190|P0296,R02_IB009.png
C0190|P0298,R02_Tick.png
C0190|P0299,R02_Tick.png
C0190|P0300,R02_Tick.png
C0190|P0302,R02_0.png
C0190|P0303,R02_Tick.png
C0190|P0306,R02_Tick.png
C0190|P0307,R02_Tick.png
C0190|P0308,R02_Tick.png
C0190|P0309,R02_IB021.png
C0190|P0310,R02_Tick.png
C0190|P0311,R02_Tick.png
C0190|P0312,R02_IB024.png
C0191|P0289,R01_Tick.png
C0192|P0299,R01_Tick.png
C0192|P0300,R01_Tick.png
C0192|P0302,R01_0.png
C0192|P0306,R01_Tick.png
C0192|P0307,R01_Tick.png
C0194|P0306,R01_Tick.png
C0194|P0307,R01_Tick.png
C0194|P0309,R01_Tick.png
C0194|P0310,R01_Tick.png
C0194|P0311,R01_Tick.png
C0194|P0312,R01_Tick.png
C0194|P0313,R02_AD001.png
C0194|P0314,R02_Tick.png
C0194|P0316,R02_Tick.png
C0194|P0320,R02_Tick.png
C0194|P0321,R02_Tick.png
C0194|P0326,R02_Tick.png
C0194|P0327,R02_Tick.png
C0194|P0328,R02_IB072.png
C0194|P0330,R02_Tick.png
C0194|P0332,R02_0.png
C0194|P0333,R02_Tick.png
C0194|P0334,R02_0.png
C0194|P0335,R02_Tick.png
C0194|P0337,R02_0.png
C0194|P0338,R02_Tick.png
C0194|P0339,R02_0.png
C0194|P0340,R02_Tick.png
C0194|P0342,R02_Tick.png
C0194|P0343,R02_Tick.png
C0194|P0347,R02_Tick.png
C0194|P0348,R02_Tick.png
C0194|P0349,R02_0.png
C0194|P0350,R02_0.png
C0194|P0354,R02_0.png
C0194|P0359,R02_0.png
C0195|P0306,R01_Tick.png
C0195|P0307,R01_Tick.png
C0196|P0306,R01_Tick.png
C0196|P0307,R01_Tick.png
C0197|P0310,R01_Tick.png
C0198|P0313,R01_Tick.png
C0198|P0314,R01_Tick.png
C0199|P0313,R01_Tick.png
C0199|P0314,R01_0.png
C0199|P0317,R01_Tick.png
C0199|P0318,R01_Tick.png
C0199|P0319,R01_Tick.png
C0199|P0320,R01_IB043.png
C0199|P0321,R01_Tick.png
C0199|P0326,R01_Tick.png
C0199|P0327,R02_AD001_IB021.png
C0199|P0328,R02_0.png
C0199|P0330,R02_Tick.png
C0199|P0332,R02_Tick.png
C0199|P0333,R02_Tick.png
C0199|P0334,R02_IB018.png
C0199|P0335,R02_Tick.png
C0199|P0337,R02_0.png
C0199|P0338,R02_0.png
C0199|P0339,R02_0.png
C0199|P0340,R02_Tick.png
C0199|P0343,R02_Tick.png
C0199|P0345,R02_Tick.png
C0199|P0346,R02_Tick.png
C0199|P0347,R02_Tick.png
C0199|P0348,R02_Tick.png
C0199|P0349,R02_Tick.png
C0199|P0350,R02_0.png
C0199|P0354,R02_Tick.png
C0199|P0357,R02_AD010.png
C0199|P0359,R02_Tick.png
C0200|P0316,R01_Tick.png
C0200|P0320,R01_Tick.png
C0200|P0321,R01_Tick.png
C0200|P0323,R01_Tick.png
C0200|P0324,R01_Tick.png
C0200|P0325,R01_Tick.png
C0200|P0326,R01_Tick.png
C0200|P0327,R03_AD001_IB061_IB072.png
C0200|P0328,R03_Tick.png
C0200|P0329,R03_Tick.png
C0200|P0330,R03_Tick.png
C0200|P0332,R03_0.png
C0200|P0333,R03_Tick.png
C0200|P0334,R03_0.png
C0200|P0335,R03_Tick.png
C0200|P0336,R03_Tick.png
C0200|P0337,R03_0.png
C0200|P0338,R03_IB013.png
C0200|P0339,R03_0.png
C0200|P0340,R03_Tick.png
C0200|P0341,R03_Tick.png
C0200|P0342,R03_Tick.png
C0200|P0343,R03_Tick.png
C0200|P0345,R03_Tick.png
C0200|P0346,R03_Tick.png
C0200|P0347,R03_Tick.png
C0200|P0348,R03_Tick.png
C0200|P0349,R03_0.png
C0200|P0350,R03_Tick.png
C0200|P0351,R03_Tick.png
C0200|P0344,R03_Tick.png
C0200|P0354,R03_Tick.png
C0200|P0355,R03_IB046.png
C0200|P0356,R03_Tick.png
C0200|P0357,R03_IB021.png
C0200|P0359,R03_0.png
C0200|P0360,R03_AD010.png
C0200|P0361,R03_Tick.png
C0200|P0362,R03_Tick.png
C0200|P0363,R04_Sixer.png
C0200|P0364,R04_Tick.png
C0200|P0365,R04_Tick.png
C0200|P0367,R04_Tick.png
C0200|P0368,R04_Tick.png
C0200|P0369,R04_Tick.png
C0200|P0370,R04_Tick.png
C0200|P0371,R04_0.png
C0200|P0372,R04_IB003_IB044.png
C0200|P0373,R04_Tick.png
C0200|P0374,R04_Tick.png
C0200|P0375,R04_Tick.png
C0200|P0376,R04_0.png
C0200|P0377,R04_Tick.png
C0200|P0378,R04_AD007.png
C0200|P0379,R04_AD008.png
C0200|P0380,R04_Tick.png
C0200|P0381,R04_IB012_IB036.png
C0200|P0384,R04_Tick.png
C0200|P0382,R04_0.png
C0200|P0386,R04_AD009_AD011_AD013_IB009_IB015_IB020.png
C0201|P0316,R01_Tick.png
C0201|P0320,R01_Tick.png
C0201|P0321,R01_Tick.png
C0201|P0323,R01_Tick.png
C0201|P0324,R01_Tick.png
C0201|P0325,R01_Tick.png
C0201|P0326,R01_Tick.png
C0201|P0327,R02_AD001_IB061.png
C0201|P0328,R02_Tick.png
C0201|P0329,R02_Tick.png
C0201|P0330,R02_Tick.png
C0201|P0332,R02_0.png
C0201|P0333,R02_Tick.png
C0201|P0334,R02_0.png
C0201|P0335,R02_Tick.png
C0201|P0336,R02_Tick.png
C0201|P0337,R02_0.png
C0201|P0338,R02_Tick.png
C0201|P0339,R02_0.png
C0201|P0340,R02_Tick.png
C0201|P0342,R02_Tick.png
C0201|P0343,R02_Tick.png
C0201|P0345,R02_Tick.png
C0201|P0346,R02_Tick.png
C0201|P0347,R02_Tick.png
C0201|P0348,R02_Tick.png
C0201|P0349,R02_0.png
C0201|P0350,R02_Tick.png
C0201|P0344,R02_Tick.png
C0201|P0354,R02_Tick.png
C0201|P0355,R02_IB046.png
C0201|P0357,R02_AD002.png
C0201|P0359,R02_0.png
C0201|P0360,R02_Tick.png
C0201|P0361,R02_Tick.png
C0201|P0362,R02_Tick.png
C0201|P0363,R03_Second.png
C0201|P0364,R03_Tick.png
C0201|P0365,R03_Tick.png
C0201|P0367,R03_Tick.png
C0201|P0368,R03_Tick.png
C0201|P0369,R03_Tick.png
C0201|P0370,R03_Tick.png
C0201|P0371,R03_0.png
C0201|P0372,R03_IB003_IB013_IB044.png
C0201|P0373,R03_Tick.png
C0201|P0374,R03_Tick.png
C0201|P0375,R03_Tick.png
C0201|P0376,R03_0.png
C0201|P0377,R03_Tick.png
C0201|P0378,R03_Tick.png
C0201|P0379,R03_Tick.png
C0201|P0380,R03_Tick.png
C0201|P0381,R03_IB012_IB036.png
C0201|P0384,R03_Tick.png
C0201|P0382,R03_0.png
C0201|P0385,R03_Tick.png
C0201|P0386,R03_Tick.png
C0202|P0316,R01_Tick.png
C0202|P0320,R01_Tick.png
C0202|P0321,R01_Tick.png
C0202|P0323,R01_Tick.png
C0202|P0324,R01_Tick.png
C0202|P0325,R01_Tick.png
C0202|P0326,R01_Tick.png
C0202|P0327,R02_AD001_IB061.png
C0202|P0328,R02_Tick.png
C0202|P0329,R02_IB028.png
C0202|P0330,R02_Tick.png
C0202|P0332,R02_0.png
C0202|P0333,R02_Tick.png
C0202|P0334,R02_0.png
C0202|P0335,R02_0.png
C0202|P0336,R02_Tick.png
C0202|P0337,R02_0.png
C0202|P0338,R02_Tick.png
C0202|P0339,R02_Tick.png
C0202|P0340,R02_Tick.png
C0202|P0342,R02_Tick.png
C0202|P0343,R02_Tick.png
C0202|P0347,R02_Tick.png
C0202|P0348,R02_Tick.png
C0202|P0349,R02_0.png
C0202|P0350,R02_Tick.png
C0202|P0354,R02_Tick.png
C0202|P0355,R02_IB046.png
C0202|P0357,R02_AD002.png
C0202|P0359,R02_0.png
C0202|P0360,R02_Tick.png
C0202|P0361,R02_Tick.png
C0202|P0362,R02_Tick.png
C0202|P0363,R02_Tick.png
C0202|P0364,R02_Tick.png
C0202|P0365,R02_0.png
C0202|P0367,R02_Tick.png
C0202|P0368,R02_Tick.png
C0202|P0369,R02_Tick.png
C0202|P0370,R02_Tick.png
C0202|P0371,R02_0.png
C0202|P0372,R02_IB003_IB013.png
C0202|P0373,R02_Tick.png
C0202|P0374,R02_AD004.png
C0202|P0376,R02_0.png
C0202|P0377,R02_Tick.png
C0202|P0378,R02_Tick.png
C0202|P0379,R02_Tick.png
C0202|P0380,R02_Tick.png
C0202|P0381,R02_0.png
C0202|P0384,R02_Tick.png
C0202|P0382,R02_0.png
C0202|P0383,R02_IB012_IB036.png
C0202|P0385,R02_Tick.png
C0202|P0386,R02_Tick.png
C0203|P0316,R01_Tick.png
C0203|P0321,R01_Tick.png
C0203|P0323,R01_Tick.png
C0203|P0324,R01_Tick.png
C0203|P0325,R01_Tick.png
C0203|P0326,R01_0.png
C0203|P0327,R02_AD001_IB061.png
C0203|P0328,R02_Tick.png
C0203|P0330,R02_Tick.png
C0203|P0332,R02_Tick.png
C0203|P0333,R02_Tick.png
C0203|P0334,R02_0.png
C0203|P0335,R02_0.png
C0203|P0337,R02_0.png
C0203|P0338,R02_0.png
C0203|P0339,R02_Tick.png
C0203|P0340,R02_0.png
C0203|P0342,R02_Tick.png
C0203|P0343,R02_Tick.png
C0203|P0347,R02_0.png
C0203|P0348,R02_Tick.png
C0203|P0349,R02_Tick.png
C0203|P0350,R02_Tick.png
C0203|P0352,R02_Tick.png
C0203|P0354,R02_IB003.png
C0203|P0355,R02_IB046.png
C0203|P0357,R02_0.png
C0203|P0359,R02_0.png
C0203|P0360,R02_0.png
C0203|P0361,R02_Tick.png
C0203|P0362,R02_Tick.png
C0203|P0363,R02_0.png
C0203|P0364,R02_0.png
C0203|P0365,R03_Second.png
C0203|P0367,R03_Tick.png
C0203|P0371,R03_Tick.png
C0203|P0372,R03_0.png
C0203|P0373,R03_Tick.png
C0203|P0374,R03_Tick.png
C0203|P0375,R03_Tick.png
C0203|P0376,R03_0.png
C0203|P0377,R03_Tick.png
C0203|P0378,R03_Tick.png
C0203|P0379,R03_Tick.png
C0203|P0380,R03_0.png
C0203|P0381,R03_0.png
C0203|P0382,R03_0.png
C0203|P0383,R03_Tick.png
C0203|P0385,R03_0.png
C0203|P0386,R03_Tick.png
C0204|P0329,R01_Tick.png
C0204|P0330,R01_Tick.png
C0204|P0331,R01_Tick.png
C0204|P0332,R01_0.png
C0204|P0333,R01_Tick.png
C0204|P0334,R01_IB018.png
C0204|P0347,R01_Tick.png
C0204|P0348,R01_Tick.png
C0204|P0349,R02_AD001.png
C0204|P0350,R02_Tick.png
C0204|P0352,R02_Tick.png
C0204|P0353,R02_Tick.png
C0204|P0354,R02_0.png
C0204|P0355,R02_IB011.png
C0204|P0357,R02_Tick.png
C0204|P0359,R02_Tick.png
C0204|P0360,R02_Tick.png
C0204|P0361,R02_Tick.png
C0204|P0362,R02_Tick.png
C0204|P0363,R02_Tick.png
C0204|P0364,R02_Tick.png
C0204|P0365,R02_Tick.png
C0204|P0366,R02_Tick.png
C0204|P0367,R02_Tick.png
C0204|P0368,R02_Tick.png
C0204|P0369,R02_Tick.png
C0204|P0370,R02_Tick.png
C0204|P0371,R02_IB013_IB020_IB059.png
C0204|P0372,R02_0.png
C0204|P0373,R02_Tick.png
C0204|P0374,R02_Tick.png
C0204|P0376,R02_Tick.png
C0204|P0377,R02_0.png
C0204|P0378,R02_Tick.png
C0204|P0379,R02_Tick.png
C0204|P0380,R02_Tick.png
C0204|P0381,R02_IB012.png
C0204|P0384,R02_Tick.png
C0204|P0382,R02_Tick.png
C0204|P0383,R02_Tick.png
C0204|P0385,R02_Tick.png
C0204|P0386,R02_Tick.png
C0204|P0387,R02_Tick.png
C0205|P0329,R01_Tick.png
C0205|P0330,R01_Tick.png
C0205|P0331,R01_Tick.png
C0205|P0332,R01_Tick.png
C0205|P0333,R01_0.png
C0205|P0334,R01_0.png
C0205|P0335,R01_Tick.png
C0205|P0337,R01_Tick.png
C0205|P0338,R01_0.png
C0205|P0339,R01_0.png
C0205|P0340,R02_AD001.png
C0205|P0342,R02_Tick.png
C0205|P0343,R02_0.png
C0205|P0347,R02_0.png
C0205|P0348,R02_Tick.png
C0205|P0349,R02_Tick.png
C0205|P0350,R02_0.png
C0205|P0354,R02_AD013.png
C0205|P0359,R02_0.png
C0206|P0332,R01_Tick.png
C0206|P0333,R01_Tick.png
C0207|P0332,R01_Tick.png
C0207|P0333,R01_Tick.png
C0207|P0334,R01_IB018.png
C0207|P0335,R02_AD001.png
C0207|P0337,R02_0.png
C0207|P0338,R02_Tick.png
C0207|P0339,R02_0.png
C0207|P0340,R02_IB072.png
C0207|P0342,R02_Tick.png
C0207|P0343,R02_Tick.png
C0207|P0347,R02_Tick.png
C0207|P0348,R02_Tick.png
C0207|P0349,R02_Tick.png
C0207|P0350,R02_Tick.png
C0207|P0352,R02_Tick.png
C0207|P0354,R02_Tick.png
C0207|P0355,R02_IB046.png
C0207|P0357,R02_0.png
C0207|P0359,R02_Tick.png
C0207|P0360,R02_0.png
C0207|P0361,R02_Tick.png
C0207|P0362,R02_Tick.png
C0207|P0363,R04_Sixer.png
C0207|P0364,R04_Tick.png
C0207|P0365,R04_Tick.png
C0207|P0367,R04_Tick.png
C0207|P0368,R04_Tick.png
C0207|P0369,R04_Tick.png
C0207|P0370,R04_Tick.png
C0207|P0371,R04_IB022.png
C0207|P0372,R04_0.png
C0207|P0373,R04_IB024.png
C0207|P0374,R04_Tick.png
C0207|P0375,R04_Tick.png
C0207|P0376,R04_Tick.png
C0207|P0377,R04_Tick.png
C0207|P0378,R04_Tick.png
C0207|P0379,R04_0.png
C0207|P0380,R04_Tick.png
C0207|P0381,R04_0.png
C0207|P0382,R04_IB012.png
C0207|P0385,R04_Tick.png
C0207|P0386,R04_Tick.png
C0208|P0333,R01_Tick.png
C0208|P0334,R01_0.png
C0208|P0335,R01_0.png
C0208|P0337,R01_Tick.png
C0208|P0338,R01_Tick.png
C0208|P0339,R01_0.png
C0208|P0340,R01_0.png
C0208|P0343,R01_0.png
C0208|P0345,R01_Tick.png
C0208|P0346,R01_Tick.png
C0208|P0347,R01_Tick.png
C0208|P0348,R01_Tick.png
C0208|P0349,R01_Tick.png
C0208|P0350,R02_AD001.png
C0208|P0344,R02_Tick.png
C0208|P0352,R02_Tick.png
C0208|P0353,R02_Tick.png
C0208|P0354,R02_IB011.png
C0208|P0355,R02_IB046.png
C0208|P0357,R02_0.png
C0208|P0359,R02_Tick.png
C0208|P0360,R02_Tick.png
C0208|P0361,R02_Tick.png
C0208|P0362,R02_0.png
C0208|P0363,R03_Second.png
C0208|P0364,R03_Tick.png
C0208|P0365,R03_0.png
C0208|P0366,R03_Tick.png
C0208|P0367,R03_0.png
C0208|P0371,R03_Tick.png
C0208|P0372,R03_Tick.png
C0208|P0373,R03_0.png
C0208|P0374,R03_Tick.png
C0208|P0375,R03_0.png
C0208|P0376,R03_0.png
C0208|P0377,R03_Tick.png
C0208|P0378,R03_Tick.png
C0208|P0379,R03_0.png
C0208|P0380,R03_Tick.png
C0208|P0381,R03_IB012.png
C0208|P0382,R03_0.png
C0208|P0383,R03_0.png
C0208|P0385,R03_Tick.png
C0208|P0386,R03_Tick.png
C0208|P0387,R03_Tick.png
C0209|P0334,R01_Tick.png
C0210|P0334,R01_IB018.png
C0210|P0335,R01_Tick.png
C0210|P0337,R01_Tick.png
C0210|P0338,R01_Tick.png
C0210|P0339,R01_Tick.png
C0210|P0340,R02_AD001.png
C0210|P0342,R02_Tick.png
C0210|P0343,R02_0.png
C0210|P0347,R02_Tick.png
C0210|P0348,R02_Tick.png
C0210|P0349,R02_Tick.png
C0210|P0350,R02_Tick.png
C0210|P0352,R02_Tick.png
C0210|P0353,R02_Tick.png
C0210|P0354,R02_IB011.png
C0210|P0358,R02_Tick.png
C0210|P0355,R02_Tick.png
C0210|P0357,R02_Tick.png
C0210|P0359,R02_0.png
C0210|P0360,R02_Tick.png
C0211|P0337,R01_Tick.png
C0211|P0338,R01_0.png
C0211|P0339,R01_Tick.png
C0211|P0340,R01_Tick.png
C0212|P0338,R01_Tick.png
C0212|P0339,R01_Tick.png
C0212|P0340,R01_0.png
C0212|P0343,R01_0.png
C0212|P0347,R01_Tick.png
C0212|P0348,R01_Tick.png
C0212|P0349,R02_AD001.png
C0212|P0350,R02_Tick.png
C0212|P0352,R02_Tick.png
C0212|P0354,R02_Tick.png
C0212|P0355,R02_IB046.png
C0212|P0357,R02_Tick.png
C0212|P0359,R02_Tick.png
C0212|P0360,R02_Tick.png
C0212|P0361,R02_Tick.png
C0212|P0362,R02_Tick.png
C0212|P0363,R02_Tick.png
C0212|P0364,R02_Tick.png
C0212|P0365,R02_0.png
C0212|P0366,R02_Tick.png
C0212|P0367,R02_Tick.png
C0212|P0368,R02_Tick.png
C0212|P0369,R02_Tick.png
C0212|P0370,R02_Tick.png
C0212|P0371,R02_0.png
C0212|P0372,R02_IB013_IB059.png
C0212|P0373,R02_Tick.png
C0212|P0374,R02_AD004.png
C0213|P0335,R01_Tick.png
C0213|P0336,R01_Tick.png
C0213|P0337,R01_Tick.png
C0214|P0338,R01_Tick.png
C0214|P0339,R01_Tick.png
C0214|P0340,R01_0.png
C0214|P0343,R01_0.png
C0214|P0347,R01_Tick.png
C0214|P0348,R01_0.png
C0214|P0349,R01_Tick.png
C0214|P0350,R01_Tick.png
C0214|P0352,R01_Tick.png
C0214|P0354,R02_AD001.png
C0214|P0358,R02_Tick.png
C0214|P0355,R02_IB046.png
C0214|P0357,R02_Tick.png
C0214|P0359,R02_Tick.png
C0214|P0360,R02_AD010_AD013.png
C0215|P0347,R01_Tick.png
C0215|P0348,R01_0.png
C0215|P0349,R01_Tick.png
C0215|P0350,R01_Tick.png
C0215|P0352,R01_Tick.png
C0215|P0354,R02_AD001.png
C0215|P0358,R02_Tick.png
C0215|P0355,R02_IB046.png
C0215|P0357,R02_Tick.png
C0215|P0359,R02_Tick.png
C0215|P0360,R02_Tick.png
C0215|P0361,R02_0.png
C0215|P0362,R02_Tick.png
C0215|P0363,R02_0.png
C0215|P0364,R02_Tick.png
C0215|P0365,R02_0.png
C0215|P0366,R02_Tick.png
C0215|P0367,R02_0.png
C0215|P0371,R02_Tick.png
C0215|P0372,R02_Tick.png
C0215|P0373,R02_Tick.png
C0215|P0374,R02_0.png
C0215|P0376,R02_Tick.png
C0215|P0377,R02_Tick.png
C0215|P0378,R02_Tick.png
C0215|P0379,R02_Tick.png
C0215|P0380,R02_Tick.png
C0215|P0381,R02_0.png
C0215|P0382,R02_IB012.png
C0215|P0383,R02_Tick.png
C0215|P0385,R02_Tick.png
C0215|P0386,R02_0.png
C0216|P0348,R01_Tick.png
C0216|P0361,R01_Tick.png
C0216|P0362,R01_Tick.png
C0216|P0363,R01_Tick.png
C0216|P0364,R02_AD001.png
C0216|P0365,R02_0.png
C0216|P0366,R02_Tick.png
C0216|P0367,R02_Tick.png
C0216|P0368,R02_Tick.png
C0216|P0369,R02_Tick.png
C0216|P0370,R02_Tick.png
C0216|P0371,R02_0.png
C0216|P0372,R02_IB013.png
C0216|P0373,R02_0.png
C0216|P0374,R02_IB020.png
C0216|P0376,R02_Tick.png
C0216|P0377,R02_Tick.png
C0216|P0378,R02_Tick.png
C0216|P0379,R02_0.png
C0216|P0380,R02_Tick.png
C0216|P0381,R02_0.png
C0216|P0382,R02_IB012.png
C0216|P0385,R02_Tick.png
C0216|P0386,R02_0.png
C0217|P0348,R01_Tick.png
C0217|P0349,R01_Tick.png
C0217|P0350,R01_Tick.png
C0217|P0352,R01_Tick.png
C0217|P0353,R01_Tick.png
C0217|P0354,R01_IB011.png
C0217|P0358,R01_Tick.png
C0217|P0357,R01_Tick.png
C0217|P0359,R01_Tick.png
C0217|P0360,R01_Tick.png
C0217|P0361,R01_Tick.png
C0217|P0362,R01_Tick.png
C0217|P0363,R02_AD001.png
C0217|P0364,R02_Tick.png
C0217|P0365,R02_Tick.png
C0217|P0366,R02_Tick.png
C0217|P0367,R02_IB059.png
C0217|P0368,R02_Tick.png
C0217|P0369,R02_Tick.png
C0217|P0370,R02_Tick.png
C0217|P0371,R02_IB013_IB020.png
C0217|P0372,R02_0.png
C0217|P0373,R02_0.png
C0217|P0374,R02_Tick.png
C0217|P0376,R02_Tick.png
C0217|P0377,R02_Tick.png
C0217|P0378,R02_Tick.png
C0217|P0379,R02_Tick.png
C0217|P0380,R02_Tick.png
C0217|P0381,R02_IB012.png
C0217|P0384,R02_Tick.png
C0217|P0382,R02_Tick.png
C0217|P0383,R02_Tick.png
C0217|P0385,R02_0.png
C0217|P0386,R02_Tick.png
C0217|P0387,R02_Tick.png
C0218|P0354,R01_Tick.png
C0218|P0359,R01_0.png
C0218|P0360,R01_Tick.png
C0218|P0361,R01_Tick.png
C0218|P0362,R01_0.png
C0218|P0363,R01_Tick.png
C0218|P0364,R01_0.png
C0218|P0365,R01_0.png
C0218|P0367,R01_0.png
C0218|P0371,R01_0.png
C0218|P0372,R01_0.png
C0219|P0361,R01_Tick.png
C0219|P0362,R01_Tick.png
C0219|P0363,R01_Tick.png
C0219|P0364,R01_Tick.png
C0219|P0365,R01_0.png
C0219|P0366,R01_Tick.png
C0219|P0367,R02_AD001.png
C0219|P0368,R02_Tick.png
C0219|P0369,R02_Tick.png
C0219|P0370,R02_Tick.png
C0219|P0371,R02_IB013.png
C0219|P0372,R02_Tick.png
C0219|P0373,R02_Tick.png
C0219|P0374,R02_Tick.png
C0219|P0376,R02_Tick.png
C0219|P0377,R02_Tick.png
C0219|P0378,R02_0.png
C0219|P0379,R02_Tick.png
C0219|P0380,R02_Tick.png
C0219|P0381,R02_IB012.png
C0219|P0382,R02_Tick.png
C0219|P0383,R02_0.png
C0219|P0385,R02_0.png
C0219|P0386,R02_Tick.png
C0219|P0387,R02_Tick.png
C0220|P0361,R01_Tick.png
C0220|P0362,R01_Tick.png
C0220|P0363,R01_Tick.png
C0220|P0364,R01_Tick.png
C0220|P0365,R01_Tick.png
C0220|P0366,R01_Tick.png
C0220|P0367,R02_AD001.png
C0220|P0368,R02_Tick.png
C0220|P0369,R02_Tick.png
C0220|P0370,R02_Tick.png
C0220|P0371,R02_IB013_IB020_IB059.png
C0220|P0372,R02_Tick.png
C0220|P0373,R02_Tick.png
C0220|P0374,R02_0.png
C0220|P0376,R02_Tick.png
C0220|P0377,R02_Tick.png
C0220|P0378,R02_Tick.png
C0220|P0379,R02_Tick.png
C0220|P0380,R02_Tick.png
C0220|P0381,R02_IB012.png
C0220|P0384,R02_Tick.png
C0220|P0382,R03_Second.png
C0220|P0385,R03_Tick.png
C0220|P0386,R03_Tick.png
C0220|P0387,R03_Tick.png
C0221|P0361,R01_Tick.png
C0221|P0362,R01_Tick.png
C0221|P0363,R01_Tick.png
C0221|P0364,R01_Tick.png
C0221|P0365,R02_AD001.png
C0221|P0367,R02_Tick.png
C0221|P0371,R02_Tick.png
C0221|P0372,R02_Tick.png
C0221|P0373,R02_Tick.png
C0221|P0374,R02_Tick.png
C0221|P0376,R02_IB013.png
C0221|P0377,R02_Tick.png
C0221|P0378,R02_Tick.png
C0221|P0379,R02_Tick.png
C0221|P0380,R02_Tick.png
C0221|P0381,R02_IB012.png
C0221|P0382,R02_Tick.png
C0221|P0383,R02_0.png
C0221|P0385,R02_Tick.png
C0221|P0386,R02_0.png
C0222|P0362,R01_Tick.png
C0222|P0363,R01_Tick.png
C0222|P0364,R01_Tick.png
C0222|P0365,R01_Tick.png
C0222|P0367,R01_Tick.png
C0222|P0371,R01_Tick.png
C0222|P0372,R01_0.png
C0222|P0373,R01_Tick.png
C0222|P0374,R01_Tick.png
C0222|P0376,R01_Tick.png
C0222|P0377,R02_AD001.png
C0222|P0378,R02_Tick.png
C0222|P0379,R02_0.png
C0222|P0380,R02_0.png
C0222|P0381,R02_0.png
C0222|P0382,R02_0.png
C0222|P0385,R02_0.png
C0222|P0386,R02_Tick.png
C0222|P0387,R02_Tick.png
C0223|P0362,R01_Tick.png
C0223|P0363,R01_Tick.png
C0223|P0364,R01_Tick.png
C0223|P0365,R01_0.png
C0223|P0367,R01_Tick.png
C0223|P0371,R01_0.png
C0223|P0372,R02_AD001.png
C0223|P0373,R02_Tick.png
C0223|P0374,R02_Tick.png
C0223|P0376,R02_0.png
C0223|P0377,R02_IB013.png
C0223|P0378,R02_0.png
C0223|P0379,R02_0.png
C0223|P0380,R02_0.png
C0223|P0381,R02_Tick.png
C0223|P0382,R02_Tick.png
C0223|P0383,R02_0.png
C0223|P0385,R02_0.png
C0223|P0386,R02_Tick.png
C0224|P0362,R01_Tick.png
C0224|P0363,R01_Tick.png
C0224|P0364,R01_Tick.png
C0224|P0365,R01_Tick.png
C0224|P0367,R01_Tick.png
C0224|P0368,R01_Tick.png
C0224|P0369,R01_Tick.png
C0224|P0370,R01_Tick.png
C0224|P0371,R02_AD001_IB013_IB020.png
C0224|P0372,R02_0.png
C0224|P0373,R02_Tick.png
C0224|P0374,R02_Tick.png
C0224|P0376,R02_Tick.png
C0224|P0377,R02_Tick.png
C0224|P0378,R02_Tick.png
C0224|P0379,R02_Tick.png
C0224|P0380,R02_Tick.png
C0224|P0381,R02_IB012.png
C0224|P0384,R02_Tick.png
C0224|P0382,R02_Tick.png
C0224|P0383,R02_Tick.png
C0224|P0385,R02_0.png
C0224|P0386,R02_Tick.png
C0225|P0362,R01_Tick.png
C0225|P0378,R01_Tick.png
C0225|P0379,R01_Tick.png
C0225|P0380,R01_Tick.png
C0225|P0381,R01_0.png
C0225|P0382,R01_0.png
C0225|P0383,R01_0.png
C0225|P0385,R01_IB012.png
C0225|P0386,R01_Tick.png
C0225|P0387,R01_Tick.png
C0226|P0362,R01_Tick.png
C0226|P0363,R01_Tick.png
C0226|P0364,R01_0.png
C0226|P0365,R01_0.png
C0226|P0366,R01_Tick.png
C0226|P0367,R01_0.png
C0226|P0371,R01_0.png
C0226|P0372,R01_Tick.png
C0226|P0373,R01_Tick.png
C0226|P0374,R01_0.png
C0226|P0376,R02_AD001.png
C0226|P0377,R02_Tick.png
C0226|P0378,R02_Tick.png
C0226|P0379,R02_Tick.png
C0226|P0380,R02_Tick.png
C0226|P0381,R02_0.png
C0226|P0382,R02_0.png
C0226|P0383,R02_0.png
C0226|P0385,R02_IB012.png
C0226|P0386,R02_Tick.png
C0226|P0387,R02_Tick.png
C0227|P0363,R01_Tick.png
C0227|P0364,R01_0.png
C0227|P0365,R01_0.png
C0228|P0363,R01_Tick.png
C0228|P0364,R01_0.png
C0228|P0365,R01_0.png
C0230|P0365,R01_Tick.png
C0230|P0367,R01_Tick.png
C0230|P0371,R01_Tick.png
C0230|P0372,R01_Tick.png
C0230|P0373,R02_AD001.png
C0230|P0374,R02_Tick.png
C0230|P0376,R02_Tick.png
C0230|P0377,R02_IB040.png
C0230|P0378,R02_Tick.png
C0230|P0379,R02_Tick.png
C0230|P0380,R02_Tick.png
C0230|P0381,R02_IB012.png
C0230|P0382,R04_Sixer.png
C0230|P0383,R04_0.png
C0230|P0385,R04_Tick.png
C0230|P0386,R04_Tick.png
C0230|P0387,R04_Tick.png
C0231|P0365,R01_Tick.png
C0231|P0367,R01_Tick.png
C0231|P0371,R01_Tick.png
C0231|P0372,R01_Tick.png
C0231|P0373,R01_0.png
C0231|P0374,R02_AD001.png
C0231|P0376,R02_Tick.png
C0231|P0377,R02_Tick.png
C0231|P0378,R02_Tick.png
C0231|P0379,R02_0.png
C0231|P0380,R02_0.png
C0231|P0381,R02_0.png
C0231|P0382,R02_0.png
C0231|P0383,R02_0.png
C0231|P0385,R02_0.png
C0231|P0386,R02_0.png
C0232|P0364,R01_Tick.png
C0232|P0367,R01_Tick.png
C0232|P0371,R01_0.png
C0232|P0372,R01_0.png
C0232|P0373,R01_Tick.png
C0232|P0374,R01_0.png
C0233|P0367,R01_Tick.png
C0233|P0371,R01_Tick.png
C0233|P0372,R01_Tick.png
C0233|P0373,R01_Tick.png
C0233|P0374,R01_Tick.png
C0233|P0376,R02_AD001.png
C0233|P0377,R02_0.png
C0233|P0378,R02_Tick.png
C0233|P0379,R02_Tick.png
C0233|P0380,R02_Tick.png
C0233|P0381,R02_IB012.png
C0233|P0382,R02_0.png
C0233|P0383,R02_0.png
C0233|P0385,R02_0.png
C0233|P0386,R02_0.png
C0234|P0373,R01_Tick.png
C0234|P0374,R01_0.png
C0235|P0373,R01_Tick.png
C0235|P0374,R01_0.png
C0236|P0376,R01_Tick.png
C0236|P0377,R01_Tick.png
C0236|P0378,R01_IB070.png
C0236|P0379,R01_Tick.png
C0236|P0380,R01_Tick.png
C0236|P0381,R01_IB012_IB069.png
C0236|P0384,R01_Tick.png
C0236|P0382,R01_0.png
C0236|P0383,R01_Tick.png
C0236|P0385,R01_Tick.png
C0236|P0386,R01_Tick.png
C0236|P0387,R01_Tick.png
C0237|P0376,R01_Tick.png
C0237|P0377,R01_Tick.png
C0237|P0378,R01_Tick.png
C0237|P0379,R01_Tick.png
C0237|P0380,R01_Tick.png
C0237|P0381,R02_AD001_IB012.png
C0237|P0382,R02_Tick.png
C0237|P0383,R02_Tick.png
C0237|P0385,R02_Tick.png
C0237|P0386,R02_Tick.png
C0237|P0387,R02_Tick.png
C0238|P0376,R01_Tick.png
C0238|P0377,R01_Tick.png
C0238|P0378,R01_Tick.png
C0238|P0379,R02_AD001.png
C0238|P0380,R02_Tick.png
C0238|P0381,R02_IB012.png
C0238|P0382,R02_Tick.png
C0238|P0383,R02_0.png
C0238|P0385,R02_Tick.png
C0238|P0386,R02_Tick.png
C0238|P0387,R02_Tick.png
C0239|P0376,R01_Tick.png
C0239|P0377,R01_Tick.png
C0239|P0378,R01_Tick.png
C0239|P0379,R01_Tick.png
C0239|P0380,R01_0.png
C0239|P0381,R02_AD001.png
C0239|P0382,R02_0.png
C0239|P0383,R02_0.png
C0239|P0385,R02_Tick.png
C0239|P0386,R02_Tick.png
C0239|P0387,R02_Tick.png
C0240|P0376,R01_Tick.png
C0240|P0377,R01_Tick.png
C0240|P0378,R02_AD001.png
C0240|P0379,R02_Tick.png
C0240|P0380,R02_Tick.png
C0240|P0381,R02_IB012.png
C0240|P0384,R02_Tick.png
C0240|P0382,R02_Tick.png
C0240|P0383,R02_Tick.png
C0240|P0385,R02_Tick.png
C0240|P0386,R02_Tick.png
C0240|P0387,R02_Tick.png
C0241|P0376,R01_Tick.png
C0241|P0377,R01_Tick.png
C0241|P0378,R01_Tick.png
C0241|P0379,R02_AD001.png
C0241|P0380,R02_Tick.png
C0241|P0381,R02_IB012.png
C0241|P0382,R02_Tick.png
C0241|P0383,R02_0.png
C0241|P0385,R02_Tick.png
C0241|P0386,R02_Tick.png
C0241|P0387,R02_Tick.png
C0242|P0377,R01_Tick.png
C0242|P0378,R02_AD001.png
C0242|P0379,R02_Tick.png
C0242|P0380,R02_Tick.png
C0242|P0381,R02_IB012_IB070.png
C0242|P0382,R02_0.png
C0242|P0383,R02_0.png
C0242|P0385,R02_0.png
C0242|P0386,R02_Tick.png
C0243|P0381,R01_Tick.png
C0243|P0382,R01_0.png
C0243|P0383,R01_0.png
C0243|P0385,R01_0.png
C0243|P0386,R01_Tick.png
C0243|P0387,R01_Tick.png
C0244|P0382,R01_Tick.png
C0244|P0383,R01_Tick.png
C0244|P0385,R01_Tick.png
C0244|P0386,R01_Tick.png
C0245|P0385,R01_Tick.png
C0245|P0386,R01_Tick.png
C0246|P0385,R01_Tick.png
C0246|P0386,R01_Tick.png
C0247|P0382,R01_Tick.png
C0247|P0385,R01_0.png
C0247|P0386,R01_0.png
